id,label,account_age_days,followers_count,following_count,post_frequency_per_day,avg_word_count_per_post,avg_hashtags_per_post,avg_sentiment_score,reply_to_post_ratio,urls_per_post_ratio,bio_complexity_score
u5272798802418388161,1,893,24660,4377,120.64,12,3,0.05,1.44,0.85,0.31
u4593818579113302616,0,3211,1451,2083,5.27,14,0,-0.34,0.16,0.28,0.28
u9380500167756234426,0,1581,1634,0,3.23,27,3,0.43,0.21,0.14,0.63
u1486679646281563909,1,1549,3494,5457,56.29,33,8,1.05,0.24,0.86,0.61
u8766846245146591166,0,1481,2277,4201,0.0,24,2,0.7,0.57,0.22,0.79
u3597590058361948325,0,2429,740,597,9.63,6,0,-0.16,0.53,0.22,0.0
u7941563197772488996,1,1666,237,7478,118.77,39,3,0.12,0.71,0.84,0.77
u5041591111347358747,0,2733,0,1827,0.0,26,0,-0.41,0.93,0.43,0.88
u3130884516332323930,1,1582,0,1239,7.75,41,0,0.33,1.05,0.9,0.49
u4086636508859028297,1,147,337,4248,64.85,47,2,1.18,0.71,0.63,0.3
u3784889311267401286,0,1886,4137,2286,0.2,26,0,-0.01,0.32,0.13,0.56
u4069181448854990259,1,781,0,3691,73.56,43,4,0.38,0.68,0.61,0.59
u5913202033190391120,0,2792,1283,2247,9.14,19,1,-0.18,0.34,0.8,0.47
u1070338872939570719,0,1542,3375,1424,8.11,28,0,0.12,0.57,0.26,0.71
u4808934926871066295,0,1853,1958,1319,4.24,25,3,-0.58,0.45,0.22,0.23
u9297404535212884028,1,1283,207,2686,0.0,38,3,0.17,1.44,0.58,0.29
u8243474167060509946,0,2675,2532,3040,9.91,16,1,0.1,0.32,0.34,0.51
u4546360904317527477,0,1848,3426,707,9.42,13,3,-0.16,0.35,0.41,0.36
u3180453220313783010,1,0,10552,5841,21.51,43,4,0.14,0.53,0.61,0.57
u6000997321739906038,1,879,16833,3994,106.8,6,6,-0.92,1.57,0.48,0.34
u1229267323317166298,1,927,0,4828,0.63,45,5,1.76,0.65,0.48,0.51
u7120132842917840290,0,319,1739,1037,5.26,9,2,-0.31,1.01,0.11,0.28
u9458441319076373781,1,210,0,6342,165.24,70,2,-0.62,1.47,0.88,0.46
u2401815088772335192,1,406,253,1534,182.17,37,4,2.0,0.53,0.39,0.44
u3262666648308457633,1,0,20575,4991,138.36,13,4,-2.03,1.34,0.63,0.16
u9618085777478996509,0,3379,6277,999,7.34,26,1,1.09,0.2,0.02,0.22
u6970540406317266657,1,678,104,6470,0.0,42,5,-1.05,0.76,0.81,0.19
u7830401969991132760,1,373,200,3338,81.57,1,8,-1.64,0.0,0.49,0.71
u3748416066157339855,1,992,2084,273,128.31,12,6,-0.17,1.36,0.76,0.17
u6331452145643387950,0,981,487,0,8.22,7,1,0.45,0.85,0.15,0.71
u8984615740138364339,1,1669,3034,1573,95.6,49,2,0.06,1.11,0.65,0.72
u5736548645072795062,1,0,24575,3660,74.28,15,0,-0.71,1.36,0.69,0.38
u1131736706230600404,0,4324,321,0,8.24,29,0,0.02,0.41,0.07,0.1
u2931878239741058507,1,897,13974,5324,47.0,28,0,1.29,0.77,0.78,0.12
u8629699926628379954,1,1719,1914,2040,130.63,34,4,0.51,1.09,0.78,0.53
u5605135827802868786,0,2644,4232,1337,3.0,16,0,0.46,0.81,0.53,0.0
u2602381776919675871,0,560,2923,729,0.0,26,0,-0.84,0.46,0.15,0.71
u6630453197203911525,1,1828,381,7896,97.52,3,5,1.02,0.25,0.75,0.37
u9654194688370056454,1,774,21939,0,42.71,0,5,0.81,0.76,0.74,0.52
u4756772919385158153,0,3427,2731,1052,14.11,2,1,0.05,0.27,0.43,0.18
u6019625424317328398,0,1277,3112,0,6.59,24,1,-0.1,0.0,0.19,1.06
u2692371791158427301,1,1715,16368,5060,8.31,6,3,0.45,0.8,0.8,0.23
u1098709403396489815,0,2472,2549,0,5.25,19,0,0.38,0.36,0.27,0.49
u6991070727111087384,1,1603,110,6390,135.88,47,6,1.78,0.86,0.6,0.34
u4492743917696058949,1,0,32,8790,126.22,9,6,1.94,0.72,0.58,0.3
u2844961222210431003,1,1161,5743,4771,211.43,44,0,0.55,0.65,0.68,0.42
u5202476144871762559,0,1644,6931,2248,9.13,32,2,-0.09,0.47,0.21,0.88
u6432306727021541097,0,2575,1507,280,4.6,26,3,0.64,0.2,0.35,0.8
u4973391851873250162,1,1195,19,4339,175.32,48,12,1.07,0.88,0.5,0.12
u2434895865528661529,0,1874,0,0,6.65,26,0,-0.62,0.66,0.35,0.88
u6562599176100702694,0,1385,3591,1099,7.46,32,0,0.33,0.5,0.41,0.85
u6618797374143164823,0,534,739,2249,4.0,26,0,-0.74,0.6,0.34,0.57
u1206982508032968796,1,532,0,82,250.59,43,0,1.23,1.16,0.71,0.56
u5971953665412440001,1,1262,3258,3117,189.19,6,5,0.16,1.33,0.5,0.48
u6513299542447162913,0,1314,7199,2266,5.91,5,1,0.23,0.79,0.3,0.34
u1179196217278937177,0,2723,0,0,8.92,11,0,0.37,0.98,0.19,0.95
u2411367118358737590,0,1906,4113,949,4.38,12,0,0.4,0.67,0.16,0.65
u5794348800375958039,1,0,28832,3010,0.0,44,3,-1.31,1.59,0.76,0.34
u4582054391262489603,1,1017,199,8136,135.79,6,6,-0.01,0.77,0.91,0.2
u4477790898436443856,0,2138,863,412,6.61,6,1,0.47,0.23,0.1,0.63
u2108343754427924537,1,263,0,2619,70.69,6,6,0.41,0.97,0.93,0.54
u2380187455794138425,0,1310,2519,0,9.33,4,1,0.91,0.9,0.63,0.58
u9888854330193754807,0,1658,3542,2653,5.78,21,3,1.05,0.13,0.53,0.59
u8900123483283325878,1,522,0,3629,48.81,9,3,0.46,1.19,0.81,0.74
u5534681073270366348,0,2156,1044,1648,2.79,21,4,-0.03,0.28,0.26,0.58
u7691403028465201006,1,1407,14050,6905,154.99,33,9,0.38,0.86,0.46,0.28
u1390148589522304314,1,74,11502,2468,124.17,6,0,-0.79,0.54,0.57,0.11
u7560063155428075566,1,1302,9787,3788,134.12,54,3,-2.28,1.36,0.69,0.62
u7099102869373800697,1,274,344,108,97.43,7,2,-0.83,1.02,0.7,0.58
u8282400340487138301,1,989,369,3748,149.72,6,0,0.07,0.53,0.41,0.11
u5118141294710051598,1,0,24,3820,39.01,24,0,-0.28,0.89,0.68,0.35
u6396200337047135370,1,1668,55,3101,12.68,36,3,2.01,0.95,0.38,0.38
u8675369616486873601,0,2437,6417,1339,6.69,29,0,0.79,0.74,0.02,0.18
u9736753369655858283,0,2269,3049,1769,0.22,15,4,0.33,0.55,0.23,0.24
u8455967302425707691,1,0,17486,0,233.37,31,3,-0.18,0.53,0.9,0.7
u3960716120667823295,1,631,198,3932,12.38,43,0,0.32,0.12,0.72,0.54
u7199499551711245113,1,266,15413,4734,125.49,61,2,0.55,0.65,0.53,0.52
u2014308617691867675,1,817,15870,6434,103.67,32,5,0.95,1.21,0.82,0.2
u8265676461448501140,0,2877,2243,652,3.47,23,1,-0.1,0.13,0.22,0.77
u9296936722396351275,1,1918,133,5188,70.24,43,2,-0.82,1.64,0.75,0.76
u9527668706963491315,1,0,26989,3570,228.3,49,9,0.09,1.2,0.7,0.09
u2134157662922180512,1,311,24135,5999,154.58,3,0,-1.0,1.47,0.89,0.13
u4284452257084210690,1,1086,241,4975,13.19,0,4,-1.1,0.61,0.73,0.36
u9883354690625706249,0,2065,8109,1555,6.17,15,2,-0.36,0.9,0.22,0.85
u8835293775506028805,0,949,1341,2250,0.0,9,1,-0.47,0.84,0.28,0.94
u5553317058127826809,0,1608,2391,409,8.02,31,0,0.69,0.52,0.1,0.48
u4099680515079805655,1,1268,21396,3057,134.59,26,2,0.4,0.53,0.69,0.03
u4447074302682268382,1,107,0,1624,57.95,6,7,-0.77,0.86,0.66,0.8
u8324989246128364798,0,4031,3927,975,4.07,19,0,0.06,0.44,0.26,0.78
u1437576945348739776,0,2664,0,6,0.26,10,2,-0.61,0.59,0.42,1.33
u4602735340693939685,0,884,3726,0,3.81,14,4,0.69,0.74,0.11,0.65
u8497016738157019011,0,2148,499,703,7.7,14,5,-0.67,0.41,0.51,0.69
u1321703734356736678,1,833,5807,2635,96.01,8,7,1.34,1.4,0.35,0.63
u3899063897417134647,0,1903,796,791,0.01,4,4,0.31,0.12,0.21,0.41
u7789843262505977630,1,2349,176,3301,107.61,25,5,0.02,0.67,0.63,0.54
u5471593978761231392,0,2147,3746,255,5.33,27,0,0.11,0.11,0.27,0.35
u4788088111391876302,1,2125,32411,4974,121.1,38,6,-0.5,0.91,0.6,0.6
u5866712510521833257,0,3775,1873,1662,2.13,18,0,0.13,0.01,0.58,0.83
u3791483657830092838,0,2869,1016,1355,5.92,14,1,0.2,0.75,0.11,0.46
u9520098329952946915,1,0,0,622,83.68,49,1,-0.85,1.74,0.6,0.32
u3787477543025742820,1,387,20451,6223,141.94,3,1,-0.21,1.27,0.43,0.6
u7883787601345904355,0,475,1492,911,4.48,28,3,0.46,0.67,0.5,0.59
u8751810923615909953,0,2307,4909,415,8.75,15,2,-0.07,0.28,0.19,1.03
u5626833167404448341,1,0,18873,6636,29.66,54,4,0.02,1.08,0.84,0.39
u2979807557851294446,1,1653,17874,8598,0.0,50,5,0.99,0.66,0.88,0.37
u7478905808401018491,0,2189,1294,682,5.33,3,0,-0.74,0.69,0.27,0.0
u8764491225598851714,1,965,239,7103,254.04,22,6,-1.68,0.81,0.84,0.28
u8925655505012678933,1,1352,272,1148,74.31,36,2,1.46,0.68,0.79,0.65
u5598083624031903757,0,1937,1940,382,0.0,18,0,0.04,0.24,0.03,0.82
u7608710079076560128,1,750,20459,5899,233.31,44,2,-0.99,1.12,0.76,0.57
u5839658460804410882,1,405,59,2092,22.6,49,1,0.38,1.52,0.41,0.49
u7877102904308080695,0,1510,4237,2064,3.18,8,2,-0.29,0.83,0.4,0.58
u1916454504728049996,0,1175,81,1278,2.43,27,3,-0.19,0.0,0.36,0.54
u3698046243184302631,0,2899,2990,1289,3.3,10,1,0.61,0.25,0.34,0.29
u7030618932606580317,0,4047,202,0,4.05,27,1,-0.83,0.45,0.07,0.3
u6817567555527080838,1,686,14204,3264,203.79,30,4,-0.5,0.69,0.83,0.22
u1895505068400626187,1,139,236,5223,117.75,5,4,0.6,1.08,0.91,0.46
u2446787526914074720,0,1578,1907,1947,2.28,38,1,0.29,0.25,0.4,0.61
u3032066086778741133,1,2327,23453,5210,52.46,1,6,-0.4,0.71,0.79,0.63
u2788608641741165201,0,3483,6883,1506,2.31,26,4,0.65,1.01,0.43,0.66
u9783051709356705367,1,601,16479,4920,29.28,8,6,0.14,1.21,0.91,0.34
u6106506587122680317,1,1300,0,4721,92.18,36,6,1.49,0.63,0.66,0.49
u9075512772962861980,1,306,0,7432,60.05,6,5,2.88,1.19,0.9,0.24
u6644580086528319910,0,2329,2438,1722,3.95,8,0,-1.36,0.25,0.26,0.72
u3405195835492480322,0,2326,3907,912,6.41,22,1,0.49,0.63,0.41,0.54
u9359854696952315364,0,2834,0,2416,5.17,21,2,-0.54,0.83,0.4,0.69
u5125329397336128463,0,3275,2890,1835,0.0,26,1,1.14,0.3,0.18,0.5
u5755401515491058478,1,1702,18619,798,187.49,30,9,1.15,1.0,0.66,0.52
u5829529227652525807,0,1436,6676,402,7.23,7,1,-1.08,0.57,0.29,0.81
u9978826744528241110,1,79,31407,2778,227.48,30,3,-0.14,1.33,0.9,0.35
u7812699149843685312,0,2347,7082,0,8.43,22,0,-0.34,0.67,0.14,0.58
u5294221998309185047,1,288,215,7406,0.0,35,5,1.57,1.47,0.75,0.19
u2502680131652199918,0,3464,0,1945,5.57,19,0,0.73,0.51,0.37,0.27
u8390024983161608892,1,1351,22111,3288,148.21,6,0,-0.68,0.39,0.93,0.67
u7578996735282586712,1,971,16992,2874,277.82,38,3,0.01,0.73,0.74,0.74
u8577968632597549371,1,602,235,5660,102.68,0,0,-1.15,1.44,0.49,0.85
u8366027044246161491,1,725,139,995,123.1,10,2,-0.0,1.04,0.79,0.26
u3217014081740995826,0,2280,0,401,0.0,19,0,0.27,0.82,0.5,0.51
u9863572551117979402,1,106,9987,2296,166.61,43,0,-1.26,1.02,0.79,0.44
u1128184668756719095,1,1076,122,1432,7.59,2,2,1.21,0.44,0.73,0.82
u5526687319012181169,1,809,0,6035,34.61,10,5,-0.63,1.22,0.4,0.64
u7100949026644216988,0,2643,0,1109,6.38,14,0,0.48,0.85,0.19,0.06
u4941986354065071637,1,309,323,5528,26.93,51,9,1.55,0.98,0.61,0.27
u8027949230828807193,0,1297,4565,1277,13.88,27,0,-0.11,0.21,0.33,0.57
u3814755813485315544,1,1624,33,4556,111.86,27,1,0.54,1.38,0.73,0.41
u1196065126345431540,1,743,503,8777,101.95,55,0,1.45,1.14,0.84,0.34
u1748851494244589843,0,749,0,1305,0.0,16,0,1.11,0.9,0.02,0.86
u3569543228976305161,1,247,22420,5134,34.23,44,1,-0.79,0.94,0.79,0.19
u9486740311408183929,0,3183,1268,888,3.66,11,2,0.23,0.63,0.14,0.44
u4285179981427081109,0,3185,2319,1818,9.58,25,0,0.1,0.07,0.34,0.64
u2357899618421374685,0,2901,1804,50,7.0,29,0,1.59,0.32,0.28,0.45
u8840522370631534979,1,1233,24888,3177,118.1,45,2,-1.12,0.22,0.72,0.2
u1560476490693009139,0,1490,1299,1299,10.47,21,0,0.61,0.74,0.5,0.35
u6667294207039808110,0,4133,1650,0,7.06,1,0,0.34,0.75,0.4,0.95
u7215219988390852916,0,2730,4736,2723,5.3,4,3,0.66,0.47,0.13,0.79
u5364824871014507934,0,3201,4613,1460,9.55,2,0,0.03,0.38,0.12,1.03
u2493626276814954094,1,976,4306,5103,58.12,35,4,-0.4,1.03,0.82,0.62
u1351649346396622013,0,2196,1842,1566,8.76,23,2,0.88,0.44,0.17,0.84
u9386384142136460881,1,0,18221,6850,52.89,11,7,0.35,0.79,0.83,0.59
u3468310310670949426,0,3327,0,2008,4.71,9,1,0.44,0.31,0.13,0.84
u2414102230459514492,1,1606,22799,2654,278.88,10,3,-0.34,1.17,0.89,0.84
u4241092085515655159,0,2747,4024,0,12.06,20,0,0.55,0.32,0.32,0.48
u9184642917859533289,0,1486,2271,0,0.65,0,5,-0.3,0.53,0.13,1.19
u6973349526947053159,1,962,0,0,126.98,0,3,0.35,0.88,0.38,0.4
u5836826776194569159,0,3021,3205,1507,6.22,11,0,0.92,0.5,0.14,0.77
u9970878741423490709,0,2756,3830,1673,5.1,26,1,1.37,0.22,0.18,0.36
u7270992599272850141,1,1167,31311,7184,0.0,53,2,-0.79,0.68,0.58,0.39
u9311785889418986636,0,684,1972,687,6.75,9,1,-1.18,0.27,0.12,0.74
u3701075136820749966,0,219,5702,1654,3.07,0,3,0.29,0.63,0.16,0.0
u3735327920114586858,0,2048,149,229,7.57,4,3,0.72,0.0,0.18,0.18
u1388795328510569707,0,2048,1733,1238,11.57,24,1,-0.14,0.26,0.26,0.62
u8143432343624476745,1,7,19887,4526,92.92,32,0,0.05,1.95,0.76,0.05
u5780178004532523130,0,617,2446,342,6.34,28,0,-0.35,0.0,0.1,1.06
u2291144648933559086,1,1298,2893,2212,240.49,8,4,0.94,0.76,0.72,0.13
u2344411809597171577,0,3608,2525,1068,2.21,10,2,-0.91,0.67,0.39,0.93
u9187462095018248885,1,755,8191,1321,165.68,11,0,-0.93,0.98,0.46,0.26
u8302011242125964401,1,846,195,4754,122.58,4,3,0.46,1.65,0.34,0.42
u6837040102196638624,0,2514,1918,168,3.88,21,1,0.95,0.44,0.23,0.76
u5798126055045977390,1,194,326,2767,69.69,5,3,-1.78,0.74,0.79,0.24
u3253937262899149269,1,0,7502,10701,115.63,36,1,1.0,0.95,0.81,0.11
u7423674288126905297,0,1872,319,0,6.34,17,1,-0.32,0.33,0.28,0.39
u9695782279004592251,1,1039,80,5756,0.0,5,2,1.33,0.42,0.47,0.22
u6338541082157946041,1,699,12556,6980,70.39,9,3,-0.42,0.97,0.63,0.22
u7036987519404210357,0,2160,5179,644,5.91,22,1,-0.67,0.31,0.51,0.92
u6875353749382055956,0,2655,4403,1447,5.24,12,1,-0.13,0.51,0.37,0.27
u3509707050524249929,1,425,12384,5202,89.09,35,7,2.22,1.79,0.89,0.36
u5201013410213302819,0,2242,2754,2288,6.96,22,1,-0.66,0.32,0.27,0.81
u7422350095004965530,1,829,93,1031,199.87,35,4,0.93,0.9,0.76,0.26
u3385381882115918505,0,1880,7419,1204,6.11,17,2,0.28,0.02,0.25,0.49
u4928239417138086364,1,1696,92,2991,165.0,0,8,0.24,0.77,0.76,0.59
u9979390245007572413,0,2072,6365,0,10.96,11,1,-0.43,0.64,0.43,0.74
u3451613565046141704,1,30,45430,5742,44.06,1,7,0.9,0.7,0.67,0.75
u3915719030460635977,1,0,148,5316,131.52,31,7,0.46,0.8,0.58,0.34
u1799209222412643612,0,3167,234,1782,7.94,13,0,0.78,0.1,0.29,0.63
u5003770908423448878,0,2706,5358,662,0.27,17,1,0.72,0.57,0.13,0.98
u3689824504033525668,1,2345,9330,7449,20.89,10,7,0.39,0.59,0.59,0.22
u8730630362397422224,0,1005,164,299,0.0,22,1,0.44,0.47,0.26,0.49
u3465188511467190322,1,320,23860,163,68.95,4,2,-0.01,1.25,0.8,0.25
u8269207003281297650,1,722,0,2521,279.03,32,0,1.62,0.59,0.72,0.39
u1649896059861756637,1,1552,2472,4818,69.83,5,1,-0.39,1.9,0.77,0.65
u8277292969131656921,1,1792,14076,799,148.11,10,0,0.73,1.19,0.54,0.49
u7876970747774040093,0,2747,0,290,0.0,21,0,-0.09,0.15,0.22,0.28
u1513602527590350759,1,1387,11143,4242,84.08,6,7,-0.17,0.15,0.67,0.07
u8778363975721680015,0,2157,0,41,8.51,18,3,0.63,0.63,0.63,0.04
u1726108458422620047,0,2351,6150,0,5.55,21,0,1.55,0.33,0.53,0.3
u7568991448301198374,0,1091,2569,1243,0.99,31,2,0.93,1.07,0.65,0.45
u1039199319198171262,1,209,0,2065,125.77,7,3,-1.78,1.62,0.66,0.73
u1663966133242495361,1,0,253,2518,360.06,5,3,-2.05,2.09,0.85,0.18
u3868411756088666665,1,634,198,4977,161.55,5,0,-1.07,0.96,0.76,0.8
u8458983621804028187,0,2315,2406,505,6.74,22,2,-0.4,0.24,0.23,0.36
u9457921070247456444,1,1509,8309,2040,53.88,4,7,-0.25,0.78,0.9,0.3
u6110472000486124525,1,1125,4993,3780,166.42,12,12,1.09,0.71,0.39,0.37
u7506348089038496634,0,2149,4539,2245,1.03,26,3,1.31,0.47,0.12,1.02
u5395816438014437701,1,561,4117,7312,4.4,8,4,1.03,1.27,0.84,0.65
u2390143257783069192,0,1338,2773,1517,9.56,10,3,-0.41,0.14,0.2,0.41
u9552416582148195354,0,3008,1666,597,1.32,13,0,0.52,0.0,0.35,0.59
u5375760053315483183,1,531,1434,6596,148.45,46,6,0.33,1.19,0.84,0.37
u7685293779079169854,0,2177,3110,458,0.0,21,0,1.2,0.53,0.14,0.61
u9095036366131910597,0,2387,0,2503,3.1,8,0,-0.61,0.28,0.57,0.43
u2375087458798473139,1,608,39,4703,55.95,11,2,0.87,0.79,0.67,0.29
u9386974128603989074,1,57,15016,3945,0.0,3,8,1.37,0.49,0.58,0.65
u2109052775600900400,1,468,15841,3043,43.9,10,3,0.32,0.96,0.82,0.33
u8639630814272934015,0,1705,3194,1276,1.27,28,1,-0.23,0.87,0.28,0.6
u9338493395414951319,1,0,223,4287,131.44,5,3,-0.47,0.82,0.8,0.59
u9666347757613543051,0,1759,0,899,0.0,11,0,0.59,0.74,0.04,0.68
u3883251573740259453,1,1461,23973,7204,71.8,4,7,-0.05,1.04,0.53,0.32
u4168155477571337400,1,0,129,6041,187.64,28,2,1.13,1.3,0.78,0.42
u3980920982266669995,0,1868,1112,1815,6.5,9,1,0.98,0.99,0.58,0.95
u7405100791307347350,0,1173,3976,856,11.05,14,0,0.48,0.57,0.44,0.5
u4155705328478931720,0,2669,2563,1995,3.58,29,1,0.22,0.53,0.41,0.61
u8370518892211307203,0,3255,3441,233,2.98,5,3,-0.11,0.33,0.1,0.31
u5643337639224760159,1,2014,18250,353,45.68,30,3,0.94,1.07,0.85,0.42
u6673765991958731100,1,2707,64,5379,186.96,9,5,0.67,1.03,0.92,0.47
u2428896830862248314,1,1152,0,5640,0.0,42,4,1.57,1.13,0.67,0.08
u6009923793980417315,1,0,0,9135,98.7,5,11,-2.14,0.97,0.54,0.42
u8491002366535443478,0,3081,726,1837,0.0,19,6,0.26,0.85,0.34,0.34
u7944334554054475208,0,2122,1790,1552,3.37,16,0,1.05,0.12,0.28,0.54
u8826507341376150696,1,915,14334,2261,86.42,35,4,-0.6,1.11,0.41,0.44
u6572249338027490479,1,598,0,2176,148.37,35,5,0.44,1.2,0.99,0.57
u9157881566237039465,0,2320,1840,1028,0.0,23,0,1.11,0.31,0.21,0.64
u6021249255619966033,0,2173,186,1377,3.43,11,1,0.7,0.06,0.54,0.74
u3868932012350317908,0,1906,4605,1454,7.53,22,2,-0.54,1.01,0.18,0.5
u8088882948757557732,0,2932,2669,46,0.0,8,3,-0.23,0.45,0.1,0.74
u2304844543625247955,1,866,136,0,132.12,45,0,-0.32,0.68,0.7,0.43
u5829991984747500685,1,0,16994,3226,287.31,41,5,-1.12,0.35,0.78,0.33
u2527245961172043689,0,1929,1061,2331,3.67,10,0,0.38,0.18,0.3,0.11
u8130227683614255083,0,3247,4987,1491,2.94,0,2,0.12,1.21,0.46,0.29
u2029248472455201313,0,1705,500,707,1.64,19,1,0.36,0.47,0.22,0.41
u2557063215741951455,0,1079,5048,2012,1.19,22,1,0.79,0.84,0.41,0.6
u6594473411213718943,0,1433,2224,1326,7.67,27,1,1.6,0.3,0.26,0.52
u4639639833494132210,0,1170,1829,1346,3.25,19,5,0.24,0.19,0.05,0.94
u7402031508202093055,1,949,33638,6217,140.64,14,1,-0.75,0.46,0.85,0.11
u5397584250120179648,0,2674,527,1922,1.91,25,1,0.17,0.06,0.27,0.61
u1725191607239275709,1,508,10133,1740,115.84,9,5,0.75,0.96,0.56,0.33
u5016269559485318345,0,1520,4508,669,0.0,19,1,-0.97,1.19,0.08,0.16
u6997795799118345123,1,0,25,7352,127.14,11,2,-0.89,0.93,0.76,0.68
u4134301868875365339,1,0,109,6674,4.52,6,8,1.26,1.0,0.91,0.61
u1652317611040795352,0,231,2468,1400,10.09,7,3,1.0,0.34,0.44,0.02
u5873393849711591173,0,1268,909,850,11.65,26,0,0.16,0.56,0.38,0.85
u4058848990647202529,0,1782,7647,2095,0.0,9,2,0.58,0.67,0.4,0.62
u5641989977604324626,1,1302,17730,1401,72.85,36,1,1.79,0.68,0.48,0.1
u6702306440684399539,1,1030,0,7406,0.0,0,5,0.71,1.14,0.61,0.56
u6038140873500845754,1,685,44,4700,135.35,6,7,-2.05,1.65,0.26,0.4
u3621060096534013296,0,2121,555,0,1.55,11,3,0.61,0.09,0.16,0.71
u8639128221698389946,1,424,0,3038,0.0,9,2,0.5,0.93,0.74,0.63
u5105271757244470799,0,1605,3407,990,0.0,23,0,-0.34,0.56,0.47,0.76
u8422270873879905576,0,2394,2239,824,2.42,16,0,-0.27,0.8,0.25,0.68
u8844338741172107802,0,2252,1764,2544,0.0,12,0,-0.12,0.0,0.51,1.03
u8991795244871804547,0,1692,1806,1469,5.74,18,0,0.36,1.09,0.57,1.06
u8576939266752932342,1,315,111,5689,46.39,12,3,-0.62,0.23,0.92,0.52
u8372328291553313319,1,897,0,1889,98.76,8,2,-0.86,0.77,0.81,0.91
u9575816233638154546,0,1029,3824,1186,16.76,8,0,0.33,0.42,0.62,0.87
u3742823123284032768,0,3277,1061,1991,1.39,15,3,-0.0,1.05,0.04,0.66
u7469796084980686652,1,625,43,0,55.88,27,7,-1.03,0.91,0.89,0.27
u8944396340491290098,0,1992,2384,2346,17.26,15,0,-0.09,0.53,0.14,0.51
u6341348606489125249,1,1055,14283,0,170.47,11,5,0.06,0.98,0.54,0.39
u5835343734050508805,0,2423,444,0,2.45,27,0,0.6,0.07,0.2,0.47
u5492031434351980161,1,1388,72,5712,162.78,6,7,0.92,0.66,0.96,0.79
u8540222683059733372,1,0,6834,8571,215.57,45,1,0.28,1.61,0.63,0.43
u1609655168590717458,0,2056,6916,1101,6.06,6,2,-0.46,0.74,0.08,0.92
u3118221678004585892,0,2018,5182,397,3.31,16,6,0.3,0.5,0.29,0.05
u8035204066528680918,0,1541,5164,375,0.0,22,0,0.6,0.83,0.43,0.8
u2068830221046103205,1,0,16252,7104,0.0,9,2,2.67,0.45,0.34,0.39
u6274408926444361161,0,2255,0,1425,3.58,16,2,0.3,1.02,0.28,0.38
u6328267086979270015,0,2686,113,1540,2.32,25,2,0.49,0.72,0.12,0.2
u6503500125133963876,1,590,23555,6189,143.3,13,3,0.9,0.73,0.62,0.33
u4638594625950360981,0,642,2408,0,3.57,15,2,-0.18,0.69,0.16,1.16
u9010918701655119133,0,1812,85,2288,1.78,8,1,-0.82,0.67,0.42,0.9
u6083695014295095593,0,2839,2003,759,4.36,21,1,0.48,1.14,0.24,0.88
u6357463660707178005,1,218,16436,7743,85.67,9,3,-0.66,0.43,0.78,0.11
u1199473668719125059,0,1159,3168,799,5.38,33,0,0.35,0.7,0.42,0.29
u6742735588736939204,1,509,98,2244,143.38,7,1,-0.45,0.72,0.34,0.36
u9949248852633832791,1,83,0,560,143.91,15,1,1.96,0.91,0.78,0.66
u7042392257173207485,0,1656,1915,904,3.14,10,1,0.69,0.43,0.42,0.55
u2132377127735624952,0,1421,3238,1927,1.29,13,0,-0.14,0.84,0.34,0.65
u8053332583897417708,0,996,2882,0,6.92,11,1,0.75,1.01,0.35,0.56
u4303586158966799644,1,796,63,454,188.3,41,3,0.95,0.79,0.84,0.14
u9293239204620682242,0,2073,2892,86,0.0,11,1,-0.12,0.0,0.6,0.74
u2865394758640161579,0,1273,4013,441,7.73,10,0,0.5,0.95,0.11,0.85
u2716429710830133461,1,344,198,5247,100.99,53,4,0.65,0.67,0.86,0.3
u9551551127731046976,0,2088,0,0,8.67,25,3,-1.0,0.63,0.17,0.0
u4096172153517743364,1,1050,15511,5479,9.51,32,6,-0.35,0.61,0.91,0.32
u8317871799134686922,1,148,16611,2393,141.61,7,8,-0.02,0.97,0.75,0.52
u5772601142144357914,1,1707,230,4211,19.45,7,1,0.11,1.18,0.47,0.71
u2215989482741392520,1,1092,10451,7354,34.55,1,1,-1.75,0.66,0.86,0.72
u3950624477036494705,0,1594,2853,2527,6.55,17,3,0.13,0.97,0.26,0.37
u6963659710846026417,1,6,132,1269,214.09,40,5,-0.09,1.07,0.76,0.6
u6886981083397923526,0,1731,3332,1719,6.1,19,3,-0.23,0.3,0.4,0.3
u3319052039811157448,0,945,3283,0,2.49,27,0,1.01,0.54,0.29,0.86
u9013009555721708462,0,1314,5105,3374,9.9,6,3,0.58,0.35,0.13,0.0
u7194216885155275065,1,972,4738,3915,57.03,15,9,-0.17,1.19,0.48,0.55
u2663909453908118372,0,1164,3225,1718,0.0,21,0,0.7,0.39,0.23,0.38
u5866026023995475437,1,792,85,5280,227.37,22,5,-0.66,0.56,0.86,0.28
u9012415894606550960,0,1094,2276,1781,4.69,19,1,-0.48,0.76,0.24,0.94
u7392903249338816498,0,2029,3086,1094,4.0,9,4,-0.9,0.04,0.35,1.21
u3448322733537296287,0,801,1142,2069,5.27,12,0,0.29,0.58,0.14,0.36
u1525928704821475114,1,1128,13527,8879,150.86,6,1,-0.36,1.12,0.72,0.59
u5903990952079647487,0,2445,2702,2535,2.04,10,1,1.27,0.66,0.18,0.6
u5569743317940121608,1,399,130,5084,146.59,14,5,-0.4,0.83,0.71,0.32
u6646976540797452376,0,1676,2367,597,7.83,9,0,-0.63,0.5,0.54,0.77
u5873589385767200276,0,604,5406,1654,0.0,27,2,0.11,0.53,0.18,0.13
u5778822944140914020,0,1913,7605,0,4.24,14,1,0.05,0.77,0.1,0.26
u6686230499619742377,0,2225,4671,1442,5.24,1,0,-0.07,0.45,0.22,0.69
u5825659789952488309,0,1973,2220,1155,0.35,24,0,-0.5,0.05,0.66,1.26
u3451406681501722065,1,947,24043,6409,183.35,3,4,0.02,1.27,0.46,0.37
u3840661262471650844,1,1066,0,5499,131.48,4,3,-1.07,0.53,0.98,0.74
u6886817493636577276,0,2344,5887,1555,9.46,18,0,0.13,0.17,0.16,0.56
u4547599752817894560,0,745,4196,1976,1.48,15,1,0.64,0.14,0.28,0.87
u8269598818523770945,0,1609,587,1520,7.4,27,0,1.49,0.04,0.35,0.34
u7625139636157566677,0,1445,3035,1857,0.0,11,0,-0.14,0.19,0.26,1.0
u6842422257916675245,0,1419,2152,1112,4.77,19,1,-0.37,0.53,0.25,0.3
u1577683963251366899,0,3712,3034,1123,9.92,23,3,0.91,0.36,0.27,0.52
u5172411800043091262,1,1121,407,4574,141.17,3,6,0.27,0.33,0.65,0.48
u3065253478102499037,0,59,4653,1879,3.82,20,0,0.02,0.6,0.15,0.74
u1376499778925471655,0,2731,3194,1410,0.0,10,2,-0.77,0.32,0.73,0.46
u3708196300665236033,0,654,3258,870,8.92,4,1,0.2,0.32,0.02,0.66
u6556727805380513206,0,1784,4978,1741,7.34,13,2,0.08,0.6,0.22,0.83
u2919719534167437731,0,1140,2218,0,8.66,19,1,-0.04,0.86,0.33,0.56
u5872002816839455046,0,1849,3668,0,0.0,25,0,0.48,0.37,0.51,0.39
u2405887109004903374,1,1575,17790,9444,26.03,41,7,0.87,0.25,0.85,0.2
u4967038048356669185,1,220,396,3955,166.22,45,6,0.59,1.06,0.81,0.47
u5035434174356195557,1,1178,14132,2740,18.67,61,7,0.05,0.39,0.7,0.38
u5907099460784857459,0,2819,2982,0,1.57,11,3,0.16,0.61,0.44,0.74
u7827732467677706951,1,906,209,4823,109.71,24,3,-0.08,0.6,0.56,0.25
u5565486669191856194,1,1042,27786,2975,0.0,9,0,-0.43,0.54,0.6,0.44
u9056458607230514128,0,2644,548,2863,1.85,26,2,-0.04,0.71,0.08,0.46
u7615782586446514982,0,1848,4559,695,0.61,16,0,0.13,1.05,0.12,0.42
u9060082065457425926,1,1042,285,4533,137.48,49,4,-0.49,1.44,0.51,0.42
u5560047186147166063,0,2421,1548,124,10.45,14,0,-0.07,0.91,0.14,0.56
u6678917594755426275,0,1857,0,1569,5.93,3,1,-0.42,0.22,0.15,1.0
u4430289959828411654,1,585,0,2574,134.97,11,4,1.12,0.41,0.72,0.29
u8861205454575899451,1,1263,200,4846,37.59,6,3,0.3,0.66,0.74,0.42
u6209832105944195657,0,3261,3801,292,1.25,31,0,0.91,0.69,0.31,0.85
u7502069559751526695,0,1890,2284,3380,5.65,18,0,0.57,0.17,0.23,0.09
u1308052348345896704,0,2646,1463,2351,1.73,23,0,0.49,0.57,0.28,0.39
u2601720946357142690,0,1832,0,655,11.49,24,0,1.0,0.69,0.01,0.77
u8313308692897602735,1,1135,103,3671,305.54,8,4,0.45,0.51,0.76,0.1
u7315774674075901050,0,1941,2729,294,2.85,37,0,-0.69,0.59,0.29,0.75
u9816638608390473463,1,979,29584,5719,174.48,5,5,1.43,1.15,0.86,0.43
u3785509643118454240,0,1231,0,689,0.0,30,0,0.69,0.77,0.42,0.69
u7063137339158590421,0,2134,1223,1181,10.02,11,0,-0.49,0.46,0.18,0.31
u4526658555700181032,1,0,8530,4962,147.22,34,6,0.4,0.62,0.89,0.5
u9029385399198883100,0,2976,1549,0,0.0,18,2,0.17,0.4,0.62,0.74
u8353209656497404104,0,957,1196,1111,4.91,19,0,-0.03,1.18,0.29,0.52
u9969300724857322933,1,1277,25347,883,131.2,10,0,-0.73,0.86,0.68,0.44
u3544720608846354451,0,649,4008,989,6.84,24,2,0.41,0.59,0.41,0.53
u9614635644288066161,0,1750,470,2067,1.06,18,1,0.92,0.28,0.33,0.9
u2719143371488972737,1,2281,9334,1019,144.58,6,6,0.68,0.77,0.58,0.52
u6790965516706575282,1,479,170,6748,169.99,41,2,-1.04,0.7,0.85,0.73
u6541922510553090979,1,1008,22504,0,186.62,9,4,1.18,0.77,0.92,0.32
u6618103299529963283,0,1764,1311,2392,5.01,23,0,0.32,0.34,0.17,0.85
u6450719801201983674,0,2340,541,927,0.63,24,0,0.46,1.28,0.27,1.0
u7668694984333755119,0,1203,2954,2018,8.23,19,0,-0.15,0.3,0.26,0.85
u7023329632336263085,1,253,0,789,239.78,5,5,-1.51,0.84,0.86,0.65
u4185585096989819870,1,1672,90,6366,58.85,28,5,0.61,0.88,0.52,0.24
u7399273404400447025,0,1126,9323,317,10.34,4,1,-0.33,0.65,0.25,1.21
u7159389544548084860,0,1612,1879,287,5.64,23,0,-0.83,0.94,0.19,0.55
u4829326218951317069,1,1455,18878,2375,97.01,3,0,0.85,1.13,0.89,0.32
u3578046388395356856,0,0,2554,676,0.0,26,0,0.15,0.83,0.06,0.28
u3831427044954095755,1,515,75,5261,137.52,41,0,-1.34,0.59,0.63,0.41
u3395281165449033971,1,0,198,6275,25.4,33,8,1.84,0.43,0.8,0.37
u4208509446943529495,1,0,18,0,116.07,41,0,0.19,0.77,0.81,0.16
u8364135437896798703,0,2619,4652,2786,3.33,24,0,0.45,0.29,0.05,0.92
u7787474193248117746,1,160,41017,876,152.41,36,2,-0.18,0.88,0.77,0.24
u3600857620506427367,1,927,21126,2174,0.0,41,1,-0.5,0.94,0.76,0.18
u7598287315112873896,0,1711,1843,0,3.39,20,3,0.27,0.79,0.43,0.4
u7430978341287493886,0,1245,4828,1488,7.38,24,3,-0.72,0.22,0.17,0.36
u6139691490178951856,0,0,0,128,0.0,9,2,-0.36,0.47,0.29,0.75
u1154926014405512543,0,845,5209,265,4.07,23,3,0.13,0.97,0.37,0.58
u2345740844776805231,0,2410,2501,1624,7.14,21,0,-0.3,0.43,0.37,0.82
u6895871985263414937,0,1932,1782,0,9.25,6,0,0.01,0.31,0.25,0.85
u7816223266947381696,1,640,130,0,51.12,25,4,-0.27,0.8,0.78,0.51
u2666706736978009639,1,359,102,2026,57.65,13,10,0.64,0.63,0.68,0.51
u8279789558096479215,1,869,141,3854,85.17,10,5,1.08,1.88,0.58,0.28
u7673919026073146496,0,3654,3067,484,5.63,25,0,-0.35,0.67,0.15,0.9
u7374307603799315438,0,1220,977,1273,3.57,31,2,0.03,0.3,0.29,0.39
u8679369071961203123,0,2922,4332,1758,1.94,24,2,1.06,0.07,0.32,0.62
u9824879091412152330,1,1253,17524,4430,61.76,55,3,1.82,1.4,0.86,0.27
u8512496678386947847,0,2174,3649,1217,5.94,20,0,0.55,0.19,0.56,0.64
u1571971738127019844,0,1668,2916,1574,7.88,23,3,0.45,0.47,0.05,0.73
u4439970994385388571,1,1393,7108,2867,163.23,8,6,-0.33,1.89,0.48,0.57
u5358538009138828919,0,2023,1933,0,5.55,15,1,-0.24,0.57,0.42,0.29
u3096910264617623994,1,1335,29624,4604,0.0,4,1,0.21,1.43,0.7,0.36
u1580982955091099099,1,1780,9727,0,153.29,7,2,0.47,0.99,0.75,0.41
u7933393344184862583,0,2561,4012,691,9.95,20,1,-0.6,0.65,0.38,0.39
u7908275443952173632,0,1886,3583,1155,0.32,25,1,1.2,0.18,0.62,0.32
u5925323871500681003,0,3459,3444,0,7.7,21,1,0.65,1.0,0.46,1.0
u7066246390194133848,0,1963,782,63,2.77,19,1,0.13,0.67,0.45,0.24
u8582765177238556328,1,0,0,7879,115.22,3,8,0.74,0.83,0.94,0.39
u1904005722084661133,0,1711,4099,190,10.5,23,0,0.14,0.01,0.55,1.05
u2456157245374685181,0,2154,1733,1034,0.0,11,2,0.25,0.5,0.14,0.46
u6578747097726658376,0,2162,2655,645,5.47,25,0,-0.4,0.12,0.32,1.02
u2651197238559600825,1,2321,154,2377,164.67,8,2,-0.69,1.19,0.58,0.41
u3116328860944085813,1,2749,12005,0,150.19,43,4,-0.77,1.52,0.47,0.26
u8181544077385676383,0,1613,22,1011,4.76,13,0,1.0,0.29,0.28,0.44
u1452780916682240801,0,2672,3010,703,2.83,24,2,-0.09,0.68,0.33,0.71
u3454583748367623114,0,1901,1705,938,5.34,14,1,-0.19,0.63,0.5,0.9
u5654325587858284592,0,2721,0,497,4.05,12,0,-0.32,0.46,0.55,0.55
u8255115243910578408,1,946,396,7607,131.43,6,4,-0.13,1.06,0.96,0.2
u5911611020830460261,0,2649,3618,0,8.47,8,2,2.16,0.66,0.17,0.42
u7968333512679502910,1,1122,31800,4522,0.0,25,3,-1.28,0.84,0.76,0.49
u4507640904564634260,1,0,0,3203,144.47,45,3,0.29,0.94,0.84,0.71
u7729613240875148757,1,2307,193,2088,95.13,7,0,1.02,1.28,0.69,0.73
u8043188578586490517,0,1786,0,1252,8.48,22,2,-1.3,0.14,0.13,0.58
u4125866773794295002,0,1476,4198,824,1.86,23,1,-0.27,1.47,0.14,0.53
u2273063421530341076,0,3700,3780,1098,1.94,11,0,-1.21,0.34,0.42,0.92
u8305447462499472500,0,3064,1082,1032,8.08,19,0,0.6,0.26,0.21,1.06
u9840767147757033398,0,1954,4250,1327,9.68,16,1,-1.0,0.04,0.18,1.02
u1581436976784502543,1,1221,16088,0,149.88,11,1,-0.8,0.51,0.95,0.41
u1000189720652657617,1,770,27605,5827,0.0,50,4,-0.64,0.12,0.55,0.15
u1591148113154114842,0,2812,111,0,0.0,20,0,-0.03,0.39,0.16,0.69
u9154078563769897600,0,2191,5447,2088,3.47,21,0,0.69,0.26,0.33,0.53
u8119880467168951897,0,1650,1016,1070,10.38,5,1,0.74,0.62,0.03,0.0
u2746714506066236042,0,2880,1126,2314,7.62,28,0,1.3,0.76,0.14,0.41
u5814802038963738397,0,1801,2764,1115,3.0,15,0,-1.03,1.04,0.36,0.59
u5047975067579646728,1,2216,5300,3020,0.0,11,3,0.91,0.61,0.84,0.55
u4403510004759683271,0,1238,2572,1665,5.7,20,0,0.94,0.29,0.18,0.6
u2026349446879945208,0,1072,1654,1665,4.63,23,1,-0.36,0.41,0.17,0.68
u7287428734466479265,0,1177,0,0,1.13,23,0,0.17,0.71,0.09,0.3
u8383626266053167395,1,322,14618,2839,163.54,3,1,0.54,0.56,0.65,0.55
u8553132438662947220,0,2057,3676,887,7.18,5,0,0.53,0.51,0.47,0.77
u5838864286211409285,1,0,184,3171,97.69,10,6,1.08,0.81,0.42,0.55
u2248410426617371503,0,1226,0,1493,7.17,15,1,1.11,0.41,0.33,0.22
u5152576121644135930,0,2723,1650,884,11.42,22,3,0.7,0.84,0.43,0.48
u3209724824328526798,1,158,244,792,261.04,27,3,-0.02,0.25,0.83,0.19
u5819498271236445755,0,1041,4692,1852,7.61,12,3,-0.19,0.0,0.37,0.83
u5665487071896225869,1,53,1462,1499,153.03,8,0,0.04,0.32,0.31,0.23
u7570816068716431025,1,0,6583,5342,21.41,24,7,1.24,1.16,0.8,0.5
u7700579042870981482,0,1048,0,3367,0.0,24,0,-1.12,0.2,0.11,0.54
u4051471421654499517,1,323,50,5524,190.72,9,0,-0.21,0.99,0.81,0.22
u3418018623171294671,1,0,209,3745,92.74,5,3,-1.06,1.01,0.69,0.35
u5321369266062321335,0,3025,0,2029,5.93,10,0,1.07,0.27,0.33,0.89
u5839956435751298180,1,339,12396,0,112.93,2,5,-0.28,0.28,0.85,0.07
u1528676781776555901,0,1947,4490,785,3.81,14,0,0.4,0.26,0.28,0.49
u1440033352870210638,0,2187,2120,1134,3.1,19,0,1.2,0.54,0.16,0.24
u3844303189151467191,0,1981,3034,2580,8.8,21,0,-0.13,0.57,0.06,0.2
u5746800430498964718,0,2438,0,2655,6.15,21,1,0.04,0.36,0.16,0.58
u4279970545245650196,1,0,274,6284,130.84,51,4,2.5,1.27,0.84,0.6
u8309881905888967226,1,1623,6598,1669,244.2,12,5,-1.74,0.9,0.57,0.49
u1443361268554018773,0,2625,6789,570,0.0,26,0,0.02,0.0,0.06,0.46
u1611562830015953543,0,3083,4449,907,6.38,17,2,2.13,0.0,0.49,0.86
u2411388818455955119,1,781,15432,6689,104.91,2,1,0.75,1.45,0.75,0.19
u6781702250723061492,0,1907,2181,2097,4.06,18,0,1.7,0.0,0.12,0.78
u5033930207757574467,1,66,154,0,151.84,54,9,-0.07,0.78,0.72,0.39
u4766367436812329647,0,2640,5107,972,5.37,22,1,-0.22,0.47,0.28,0.65
u2607317134031225013,0,2476,1964,2216,8.77,18,1,-0.18,0.73,0.33,0.35
u2001407148511560902,0,1756,4526,811,1.11,23,5,-0.26,0.47,0.21,0.92
u7338495617082740284,0,3160,78,1997,1.28,13,0,0.11,0.84,0.15,0.23
u7593227888237033328,1,517,123,621,263.57,38,2,-0.16,1.15,0.6,0.21
u2338564177624349441,0,2479,2190,422,11.25,22,1,1.02,0.45,0.58,0.73
u1799073556187943289,1,1509,20830,7083,107.81,28,8,-0.73,1.04,0.54,0.22
u8218572939348130740,1,688,13016,2784,13.37,11,5,0.21,0.65,0.62,0.2
u2199956018559337132,0,2641,3311,966,10.44,20,0,-0.35,0.47,0.18,0.58
u2278233509606006507,0,1755,5532,1374,4.3,23,0,-0.01,0.0,0.23,1.07
u5426221692567305408,1,263,97,5960,216.12,39,1,-0.26,1.59,0.48,0.36
u6662382962187342504,1,0,19860,5475,75.17,3,5,1.19,1.19,0.42,0.66
u7280827589475375200,1,0,230,4964,0.0,54,8,-1.06,0.61,0.8,0.56
u4808458753299252843,1,1508,10149,4918,37.56,37,4,1.34,0.82,0.26,0.51
u6226842982654772483,0,2016,4329,224,7.08,21,4,0.03,0.11,0.26,0.0
u5830213178135778382,0,1772,4040,0,4.61,28,0,-0.73,0.0,0.31,0.59
u2349824312191855806,1,1971,20988,0,71.16,19,5,-0.62,0.88,0.7,0.65
u2281285779543182836,0,2461,5576,1916,8.91,10,2,-0.05,0.52,0.51,0.7
u9018301967725881998,1,881,15690,4787,197.51,36,7,-0.34,0.86,0.47,0.2
u5259251276771844997,0,2399,1424,2173,0.0,3,2,-0.43,0.62,0.13,0.02
u9650274513352754264,1,227,0,7423,230.73,54,2,-0.33,1.44,0.76,0.2
u9371166646717352191,0,1369,4302,1669,0.41,8,1,-0.05,0.15,0.04,0.43
u8525737468774300830,0,2777,1640,1183,15.35,17,5,-1.48,0.0,0.29,0.66
u7001785263858001085,1,1168,201,0,68.81,55,0,0.64,0.0,0.95,0.27
u6641847730445520657,1,543,10166,6078,217.84,38,0,-1.31,1.17,0.5,0.53
u6329842799088851813,1,1106,28636,1642,134.09,52,5,-0.65,1.59,0.71,0.68
u4527446738005121932,0,2472,2709,1319,8.58,14,3,-0.66,0.55,0.63,0.46
u8505912837535877513,0,3095,4430,1022,6.94,10,3,0.14,0.26,0.06,0.0
u4532617978082000073,1,554,137,6470,111.24,10,0,-0.11,0.74,0.94,0.08
u4305432460138879008,1,667,103,6846,177.36,54,3,-1.11,0.8,0.71,0.41
u4741154878042444284,0,691,3726,1135,6.72,13,1,-0.1,0.34,0.28,0.99
u1293218479384785537,0,1398,1538,0,2.39,21,0,-0.39,0.27,0.19,0.98
u1375123991925684717,0,2238,2795,1989,0.0,20,1,0.55,0.68,0.25,0.18
u2451764333215660272,0,1804,0,2333,0.0,14,2,1.08,0.43,0.2,0.59
u4098123422635554750,1,21,5490,6862,30.25,15,2,-0.81,0.66,0.6,0.6
u6303724613318894761,1,0,211,2164,9.63,44,0,-0.22,0.99,0.61,0.3
u7694063786664039097,0,1359,510,0,4.65,9,4,0.56,0.78,0.38,0.0
u2556298721482020053,0,1396,1568,842,3.3,8,0,0.21,0.2,0.37,0.59
u4365943383839041521,1,1155,12774,552,101.78,36,9,-1.07,0.92,0.96,0.49
u3111248004584602464,0,1823,4781,31,4.17,20,1,1.32,0.81,0.21,0.0
u8333936513051854982,1,2481,12227,0,303.87,4,0,-0.67,1.23,0.62,0.13
u7178619757571966729,0,2353,7076,2079,6.29,14,1,-0.09,0.63,0.11,0.0
u7983090000429278689,0,3014,4834,1641,7.21,12,1,-0.7,0.18,0.61,0.81
u5145719242810183547,1,503,10292,1743,18.23,27,2,0.85,0.44,0.44,0.57
u3960762630806836545,1,201,0,6177,8.98,18,0,-1.55,0.75,0.83,0.41
u1678115785947060077,1,434,12788,0,18.13,6,4,1.23,1.76,0.77,0.14
u9687626993774680438,1,738,323,1565,109.38,33,2,-1.57,1.42,0.48,0.18
u1932047793052310009,0,1842,4009,581,0.0,15,0,0.83,0.37,0.21,0.93
u6943892556421218973,0,2869,3466,0,6.93,21,3,-0.46,0.64,0.48,0.68
u4040411144248631547,0,1696,3015,1707,1.49,38,1,0.43,1.1,0.06,0.9
u7765339188999326887,0,2465,2226,1665,0.52,16,0,0.55,0.93,0.49,0.65
u2414084977376822746,1,2079,255,7853,208.73,4,7,0.11,1.21,0.9,0.34
u5070093617940187101,1,361,234,3803,242.19,51,4,-0.3,0.86,0.86,0.47
u2617383645692787437,1,1424,9294,3845,162.99,4,0,0.81,0.46,0.59,0.66
u2352580132876209304,0,1067,728,76,7.79,1,0,-0.03,0.58,0.5,0.73
u4138610659189974876,0,1213,3128,0,4.06,22,0,0.37,0.8,0.58,0.45
u4676982173985619144,0,1503,1764,0,0.0,19,2,0.7,0.51,0.06,1.22
u4600642023908133455,1,407,0,2128,7.94,9,1,0.99,0.41,0.84,0.41
u7904685341277911563,1,1469,13015,2959,26.93,43,0,-0.56,1.07,0.58,0.05
u9569742082232751162,1,1976,31721,252,144.7,35,2,0.64,1.44,0.97,0.4
u8387529199659115316,1,1106,20616,1818,122.95,4,3,0.53,0.57,0.93,0.41
u5762682864184416877,1,1338,0,4260,147.28,8,8,-0.5,0.93,0.73,0.42
u5735021993200272775,1,0,17696,327,50.12,15,4,-0.25,0.48,0.65,0.21
u6634299077835725741,1,448,268,3466,64.2,9,7,-1.04,1.25,0.65,0.18
u7015653936465035374,1,2451,187,0,139.59,5,5,-0.52,0.7,0.92,0.32
u2930576870604015406,0,2235,3448,2259,1.98,12,4,-0.08,0.0,0.26,0.9
u8507526755325756307,0,1278,2687,849,4.76,14,0,0.64,1.13,0.33,0.71
u9735220819056236953,1,960,13583,4764,57.95,9,9,0.13,1.38,0.66,0.57
u3722919984539306140,0,3743,5612,1158,7.86,18,0,0.75,0.28,0.14,0.79
u5759217364445377563,1,989,0,4229,277.79,1,3,1.65,0.29,0.77,0.64
u1870667860544033777,0,1174,3877,17,7.2,24,0,-0.07,0.68,0.45,0.75
u3424113507625790955,0,2080,4142,2966,2.03,15,2,0.68,0.45,0.44,0.88
u1623691934510146186,1,2017,396,3644,86.97,3,7,0.25,1.0,0.59,0.1
u9838727795283495344,0,1701,6141,1231,7.15,32,3,-0.13,0.51,0.33,0.6
u1035061453611978809,1,293,14854,2497,173.66,63,0,-0.43,1.19,0.52,0.48
u3957676393697094466,1,1855,0,5972,148.0,7,0,1.8,0.89,0.86,0.38
u2556020644707676876,1,795,10727,5842,153.19,17,6,-0.64,0.9,0.75,0.59
u8021719045173197463,1,0,13753,4432,144.79,39,0,0.04,0.96,0.63,0.16
u8573323560077729533,0,2888,3262,1096,2.76,29,3,1.34,1.03,0.16,0.62
u7838117166361348264,0,1690,6190,2573,6.72,21,3,1.06,0.41,0.33,0.28
u1900837808614214293,1,536,155,2059,139.68,7,4,0.25,0.95,0.83,0.34
u4443698936149960717,0,1898,769,0,0.0,7,0,-0.51,0.71,0.08,0.87
u1642447196981210840,0,976,2243,1846,3.8,27,3,-0.0,0.02,0.63,1.45
u7521937085349013282,0,2582,4983,475,17.0,14,4,0.58,0.77,0.17,0.54
u1950187167979733897,1,1009,0,5425,13.3,9,6,-1.08,0.47,0.62,0.36
u5720319020388340812,0,2869,329,620,6.81,25,0,-0.36,0.31,0.21,0.14
u1570128158633807876,1,899,16676,5299,16.41,40,5,-0.86,0.96,0.9,0.8
u3567561109293682049,1,1094,8560,6749,109.27,8,1,0.12,1.11,0.77,0.6
u8734102136322462864,1,431,27,2589,60.65,41,2,0.06,0.79,0.67,0.19
u3553280585053634535,0,2950,1943,616,7.69,28,0,0.22,0.61,0.16,0.69
u6212804160421500113,1,0,230,6189,195.93,6,9,1.67,0.66,0.9,0.3
u6984806255597995761,0,2289,1554,868,1.87,8,0,-0.02,0.53,0.2,0.41
u2288688625170403049,1,504,25040,6429,144.57,9,0,1.43,0.36,0.67,0.28
u5795778414457182870,1,202,0,4394,29.75,35,7,0.96,0.79,0.87,0.18
u2389130046527273720,1,1069,250,7030,15.66,6,0,0.28,1.5,0.91,0.36
u4332071276459826869,1,1109,7274,1805,0.0,49,5,-0.21,0.4,0.7,0.63
u5143641922071405521,0,2193,2294,822,14.97,22,0,-0.26,0.61,0.6,0.55
u2525686498554026347,1,0,278,1930,113.45,6,6,0.07,0.85,0.72,0.31
u4277133875637471862,1,850,11277,4937,42.69,48,5,0.24,1.07,0.91,0.86
u2292898244714665661,1,1460,20424,6408,40.22,44,6,0.07,0.72,0.67,0.37
u3006967031679244799,1,695,0,948,32.0,41,6,-0.62,1.13,0.57,0.58
u3201962713561190417,0,3160,2297,3220,8.2,25,2,0.07,0.27,0.13,0.11
u7219871971516780157,1,2336,38,8425,50.06,12,5,0.68,0.98,0.86,0.53
u8642197605542629844,0,2670,2235,1780,7.18,28,4,0.98,0.39,0.08,0.76
u9862579727662314384,1,827,21110,13000,0.0,7,2,0.54,0.96,0.88,0.66
u5674468174391056416,1,1456,0,3769,131.48,47,4,0.79,1.18,0.88,0.56
u7166865862430226161,1,1019,19525,3192,5.35,12,6,0.69,0.78,0.73,0.09
u3724714320676657371,1,870,66,3324,0.0,8,0,0.57,0.64,0.52,0.56
u9689359827275272949,1,1426,0,4282,165.36,34,5,-0.79,0.84,0.61,0.12
u3403538954638067333,1,1002,190,4228,211.54,0,4,-1.65,1.02,0.61,0.38
u7222282481718895025,0,1929,3171,1673,12.91,13,1,0.34,0.77,0.07,0.24
u2039881903152024386,1,621,729,10518,196.19,54,4,-0.3,0.0,0.84,0.12
u5651088143221930353,1,1007,11488,3737,109.04,31,4,0.62,0.26,0.6,0.34
u5486454449269216256,1,1121,157,3076,57.04,7,7,-0.46,1.13,0.76,0.63
u8742446004939802295,0,2024,1764,841,0.94,1,1,0.66,0.44,0.1,0.57
u8538119040659585328,0,2972,4328,1284,6.02,21,1,1.07,0.21,0.28,1.09
u7185791963788796947,0,1946,5637,1280,4.75,12,2,1.17,0.69,0.15,0.17
u9641414568665586163,0,1685,0,1032,7.57,5,1,0.46,0.8,0.1,0.0
u1339186780392272894,0,2298,2243,1588,3.9,14,0,0.07,0.36,0.27,0.56
u4204151824850510911,0,1640,3831,538,0.0,15,0,0.15,0.53,0.36,0.58
u1676601412013930938,0,2653,3429,178,4.45,19,1,0.22,0.19,0.28,0.07
u5255473110912286189,0,1736,6503,177,10.8,23,1,0.37,0.51,0.2,0.8
u5694730890664959674,0,1485,3118,0,6.56,24,0,-0.58,0.75,0.27,0.63
u8071730510716195721,0,2181,1559,1617,10.79,10,1,-0.28,0.83,0.22,0.39
u9610040508751101171,1,723,0,2218,31.11,5,5,-0.3,1.07,0.58,0.52
u8631389488566361376,0,1396,875,0,3.49,15,0,0.16,0.54,0.36,0.21
u7577172119295720225,0,1785,4221,0,7.65,22,1,0.29,0.86,0.49,0.77
u4376469913930428308,1,0,17681,6105,60.77,4,0,0.29,1.35,0.65,0.34
u5424810419933721730,0,1702,0,2239,13.13,25,0,-0.52,0.28,0.12,0.47
u6382830135752730115,0,2427,4647,0,0.0,27,2,0.37,0.06,0.43,0.74
u8640896803589619839,1,1313,51,3314,8.39,27,5,-0.84,1.33,0.57,0.48
u1635668029020787203,1,870,11681,5901,35.01,17,0,0.17,1.15,0.61,0.26
u3507026613741369566,0,1553,2740,0,10.37,21,1,0.01,0.32,0.1,0.73
u9977549847046795947,1,1619,21705,4625,92.77,9,0,2.34,1.32,0.75,0.3
u7281186991896048297,0,2543,2085,378,6.34,18,2,0.26,0.21,0.15,0.9
u5107696962441517794,1,0,220,8401,185.26,30,7,-0.02,1.41,0.39,0.38
u8731695664178788505,0,3262,4552,350,6.97,18,0,0.65,0.4,0.06,1.52
u3846728923255405510,1,0,119,1964,102.78,12,0,-2.2,1.25,0.63,0.68
u6004433189312854835,1,1239,397,3383,128.13,29,4,0.26,0.89,0.61,0.44
u8788562946534733585,0,2016,2693,2208,5.85,20,0,-0.71,0.67,0.45,0.48
u8852761760771100045,0,2370,1988,362,4.33,11,1,0.15,0.39,0.55,0.46
u8337918720568395542,0,1741,4598,1869,3.94,33,0,-0.3,0.31,0.07,0.48
u4645707762289601620,1,244,22204,4218,55.76,34,10,-0.52,0.65,0.63,0.54
u1298314838253346429,1,964,0,6231,19.54,34,5,1.44,1.32,0.76,0.1
u9145190578715919328,0,2794,2247,183,1.04,21,0,0.5,0.64,0.36,0.46
u9338607289509178493,1,1050,17481,5815,290.53,42,4,1.29,1.59,0.58,0.23
u6015917826189642799,1,0,1758,7962,138.41,5,0,1.09,0.84,0.95,0.47
u6099198832537957022,1,2285,0,4200,183.86,9,4,0.09,0.33,0.54,0.14
u1405836783231846249,1,734,20217,6073,179.3,35,0,1.12,1.99,0.33,0.08
u5790979865246056210,1,1012,19296,5698,104.39,38,9,1.12,0.86,0.66,0.47
u5347906445324259732,0,1978,2233,2491,4.68,17,0,-0.07,0.65,0.14,0.51
u9616673360379104881,0,1726,2178,0,8.05,28,1,1.1,0.29,0.13,0.67
u7409706098201814181,1,377,4150,4745,195.45,1,2,-1.14,0.21,0.9,0.51
u7687111641636512734,0,1536,0,1212,12.91,21,0,0.3,0.52,0.37,0.49
u6858290483296255594,0,56,0,1595,8.31,18,4,0.86,0.66,0.14,0.11
u7641350775793115111,0,2223,2386,1300,14.6,8,4,-0.52,0.18,0.18,0.01
u3160704287938036623,0,226,1683,2022,3.94,4,1,0.34,0.79,0.03,0.85
u3707462177075839142,1,1537,15483,0,125.31,2,4,-0.74,1.26,0.5,0.33
u8821756214884360670,0,1017,5140,2747,2.59,27,0,-0.27,0.58,0.23,0.24
u8522755486545486736,0,3193,5591,1054,10.69,17,1,0.33,0.48,0.33,0.59
u9385693570916866210,0,2430,0,1525,4.89,28,0,0.59,0.0,0.23,0.95
u1084258070477147344,0,2150,6306,1672,7.88,7,1,0.7,0.36,0.29,0.85
u8706440354727615412,0,2435,2944,300,7.25,20,1,0.95,0.92,0.35,0.69
u6347794633127390700,0,2522,1008,1227,1.82,13,3,-0.56,0.55,0.07,0.85
u4704868625341555780,1,528,182,7231,75.83,7,6,1.88,1.0,0.69,0.23
u9920726816943291943,0,1595,4066,80,0.97,16,0,0.87,0.67,0.33,0.67
u9615926688102532304,0,1252,2864,122,9.75,24,0,-0.87,0.2,0.03,0.85
u5701967401548829334,1,1195,5199,806,216.82,4,10,-0.14,1.32,0.58,0.37
u1539426518648764076,1,695,12540,1922,172.75,50,5,-1.46,0.74,0.88,0.48
u1365523393699964279,0,1184,4241,1771,5.93,3,4,-0.08,0.44,0.2,0.21
u4936740702069394413,1,311,137,6466,156.04,8,3,-1.08,0.48,0.26,0.21
u9212647823439403113,1,1669,11,0,34.41,13,6,2.0,0.77,0.69,0.53
u3947574147007881830,0,26,1454,988,10.7,10,0,-0.31,0.21,0.09,0.92
u3131277698569386984,1,2049,62,3997,120.22,5,8,-0.6,0.69,0.36,0.16
u3828665861147309110,1,327,151,305,82.87,54,6,0.1,0.0,0.91,0.71
u7994902842621467588,1,161,14840,2707,146.45,11,6,0.27,1.31,0.81,0.8
u7268127847209930807,0,2014,0,0,12.99,27,2,0.34,0.17,0.34,0.74
u6115607140573428193,1,903,57,7380,98.36,0,10,0.56,0.96,0.54,0.65
u1984330361370152095,0,1454,3575,0,6.4,13,2,1.29,0.4,0.14,0.72
u1983333171005130058,0,2236,2970,62,1.7,17,0,0.24,0.07,0.47,0.55
u4452694027688928595,0,2656,2902,0,0.0,9,3,1.0,0.84,0.18,1.68
u1316094713666603284,1,1985,6633,6712,0.0,31,3,0.13,1.16,0.73,0.68
u3358168982988060109,1,1455,9,1167,131.56,10,5,1.49,0.64,0.81,0.08
u8773306980522959396,0,2053,1253,1068,0.0,15,1,-0.61,0.18,0.4,0.87
u7207143658596597634,0,3175,1011,1869,10.37,25,2,0.6,0.99,0.5,0.0
u1968724650837069948,1,606,7510,5487,89.3,3,0,-0.37,0.13,0.76,0.42
u5314987949213459365,1,1771,236,2236,35.07,11,4,0.01,1.09,0.63,0.31
u6381809144719952364,0,1638,852,445,10.6,23,4,-0.21,0.08,0.24,0.33
u2999459058459642171,0,831,3450,0,4.45,15,0,0.07,0.36,0.55,0.68
u1032758007257895322,1,1020,116,7749,167.75,47,7,0.9,0.8,0.87,0.61
u7906932936363452685,1,0,57,3832,40.5,8,7,-0.44,1.21,0.91,0.31
u5327031911710706587,0,3364,4000,1267,7.88,27,0,-0.88,0.13,0.31,0.36
u8884475593108021916,0,2131,1269,1602,0.0,19,0,0.32,0.29,0.36,0.04
u1951392675546686734,0,0,3753,0,7.6,21,0,0.29,0.02,0.2,0.24
u2178873498709512705,0,1465,3105,360,4.16,33,0,0.57,0.4,0.19,1.22
u2250876083042751012,0,1807,1008,246,12.61,29,4,0.24,0.41,0.28,0.63
u6884433065514791251,1,912,0,4989,0.0,34,7,0.09,0.71,0.82,0.14
u8682012689090250917,1,1007,109,8660,126.43,13,2,0.65,0.28,0.75,0.47
u3274502487867218588,1,0,6146,5328,57.72,40,0,-1.02,1.11,0.54,0.65
u9390515598454646250,0,2176,4051,984,7.98,25,0,0.45,0.14,0.35,0.72
u6633701105190281127,0,2575,3975,717,5.36,10,4,-0.68,0.16,0.22,0.39
u7963926617537933035,0,2036,847,1132,2.14,20,4,0.01,0.47,0.18,1.0
u8894165559162546006,1,944,75,8823,1.54,23,6,-0.27,1.03,0.77,0.44
u3015129274246949787,1,1293,354,560,73.28,32,6,-0.61,0.68,0.77,0.29
u4956194736023437790,1,1925,32038,0,123.8,41,0,-0.2,0.13,0.86,0.1
u1061585945479353481,0,2553,4901,2905,8.45,23,1,1.6,0.44,0.14,0.64
u6541463363185231978,0,509,167,1301,9.38,20,3,-0.41,0.0,0.12,0.86
u8194849857669276229,1,1610,118,3535,234.43,50,7,-0.2,0.57,0.53,0.44
u2746884823122833346,1,508,12754,6110,152.58,6,1,0.57,0.79,0.52,0.24
u9683588024477814889,0,1674,5304,1163,15.27,13,2,-0.58,1.34,0.35,0.69
u9916249764806967939,1,1528,12284,1473,113.3,61,2,2.14,0.81,0.8,0.32
u9978787978818351671,1,119,319,2607,253.49,6,0,-0.32,0.82,0.73,0.27
u8901157562345092161,1,0,5809,3864,166.8,2,6,-0.14,0.56,0.76,0.65
u2104283741215509672,1,0,23955,3983,0.0,48,3,-0.87,1.24,0.82,0.19
u5528718759692705368,1,0,0,2753,117.72,42,3,0.51,1.83,0.59,0.55
u2675981816902346396,1,685,361,7836,189.61,15,2,0.31,0.71,0.72,0.38
u1963490837011247130,0,2386,541,2595,0.35,23,1,1.0,0.81,0.31,0.29
u9405484751103093090,0,586,0,1754,0.8,14,1,-0.55,0.59,0.08,0.66
u3625381177784432435,0,3326,3101,2151,7.45,21,0,0.62,0.49,0.29,1.28
u7664292244498543518,1,1489,13,2404,53.46,45,5,1.52,0.86,0.77,0.66
u7625886264719042278,1,42,7118,3614,59.13,25,2,-1.43,0.76,0.8,0.49
u6817245056167518008,0,1034,2164,491,1.64,11,1,-0.82,0.09,0.13,0.63
u1692200048123101533,1,0,4332,6834,58.2,24,2,-1.19,1.08,0.8,0.44
u1954938521276241414,0,2340,1761,1194,0.0,0,1,-0.42,0.12,0.08,0.86
u7810537490912698712,0,2850,870,0,0.07,13,0,0.73,0.62,0.19,0.78
u1137008218102316449,1,0,25848,0,166.19,38,0,0.51,1.53,0.41,0.55
u3203869771040776288,1,964,6139,3267,131.44,48,0,-1.64,0.86,0.59,0.82
u7704875023878207158,1,681,55,3265,156.16,32,1,-0.4,0.32,0.7,0.13
u6173548683297049089,1,960,165,2410,23.79,6,1,1.11,0.93,0.31,0.19
u4110176870762569578,1,1444,13161,5606,0.0,11,3,0.69,1.34,0.77,0.14
u3112497751320531083,0,2010,1522,2630,0.71,19,2,0.83,0.24,0.3,0.09
u1164504578705742060,0,1271,1004,520,5.95,15,0,-0.02,0.38,0.05,0.63
u4310250328535358239,1,105,2744,2270,20.89,60,1,0.84,1.19,0.74,0.32
u8049967303203011040,1,970,278,5578,73.15,38,4,-0.77,0.8,0.81,0.69
u5528922249924901668,0,2441,5101,0,5.66,15,0,-0.02,0.24,0.15,0.78
u4755774347033875321,1,1392,3,5795,152.12,30,5,2.31,1.42,0.67,0.41
u5862662593290459797,1,1217,0,3888,42.41,6,6,0.58,1.01,0.88,0.12
u3680264687100745138,0,2674,4382,1622,0.0,15,2,1.02,0.89,0.27,0.83
u3006473997895032835,1,0,0,4064,75.94,0,7,0.42,1.38,0.6,0.41
u5780444632521686718,0,2144,0,831,8.94,24,3,-0.17,0.37,0.2,0.83
u3611971140760433094,1,1074,0,4278,83.53,0,5,-0.37,1.32,0.42,0.81
u6531456109655800916,1,916,277,3776,90.81,11,4,0.04,0.13,0.91,0.76
u9792156238234819750,1,1471,10219,4592,111.63,39,3,0.04,0.7,0.48,0.72
u8705179739625367336,0,1826,2982,499,0.0,16,3,0.77,0.36,0.14,0.15
u2205470204716597393,1,259,245,5068,40.84,38,2,1.19,1.17,0.45,0.24
u9112297664307365836,0,1886,4759,1361,6.7,19,4,0.12,0.4,0.64,0.72
u7796802837860896346,1,0,19332,6223,318.2,0,2,-0.73,1.57,0.54,0.33
u7401951386405233250,1,188,0,6649,82.93,33,7,-2.21,0.91,0.78,0.35
u9555550170715460112,0,1447,2512,1670,3.51,18,0,-0.13,0.33,0.16,0.44
u9339537005545994930,0,2431,3127,1003,0.73,15,0,-1.39,0.33,0.31,0.85
u6052992438285664140,0,2044,3784,0,0.73,17,1,-0.12,0.93,0.11,0.66
u9127242325355657712,0,2959,2448,1434,0.0,17,0,0.16,0.46,0.58,0.49
u9232454155186768632,0,1797,1845,979,8.81,16,2,-0.28,0.68,0.24,0.27
u1829214790063140796,0,834,3471,1686,4.68,29,3,-0.63,0.0,0.06,0.77
u8876644662110262327,0,1403,2518,877,5.63,28,1,0.11,0.62,0.39,0.52
u3294287033607221089,1,0,231,456,194.17,34,1,-0.11,1.83,0.72,0.33
u1676405540840136078,0,2944,1699,0,0.0,17,3,0.45,0.94,0.2,0.28
u3456503558022658329,1,41,0,2505,41.33,4,4,1.46,1.02,0.8,0.25
u4012464393766947248,1,1024,14730,2547,196.38,7,2,0.13,1.29,0.59,0.24
u1996533901082755212,0,2147,0,862,10.64,4,0,0.91,0.86,0.16,0.68
u1720780764988812965,0,1615,429,758,5.92,28,0,-0.18,1.19,0.15,1.03
u2289281734976044345,0,3026,1682,39,9.88,28,0,-0.29,0.12,0.35,0.26
u9097657514567784288,1,0,152,3336,210.71,15,6,0.29,0.1,0.94,0.11
u9914748331709191542,1,1475,0,6707,0.0,47,1,-1.84,1.32,0.62,0.53
u9245627539479465459,0,966,1787,1964,9.38,40,3,-0.23,0.04,0.2,0.67
u2074545228490439677,1,1131,92,2594,0.0,11,0,0.12,1.43,0.65,0.39
u1517147355686567279,0,2494,5776,1559,6.99,21,0,0.2,0.0,0.21,0.9
u4861784427607357092,1,1122,145,3108,155.91,0,4,-1.68,0.86,0.78,0.65
u9516887920479011928,0,1260,4913,715,2.33,19,0,0.72,0.0,0.48,0.24
u9193552153464746575,1,0,0,301,158.24,43,1,0.72,0.95,0.63,0.27
u1631775246781086693,0,1253,2032,1272,2.67,17,4,-0.36,0.61,0.36,1.28
u2559801282615009666,1,610,129,8502,30.78,46,12,0.49,0.07,0.61,0.61
u6799007009747849692,1,1018,0,3313,84.13,46,6,0.58,0.78,0.85,0.25
u3859984165965507872,0,1792,3866,1006,0.11,7,2,-0.06,0.61,0.18,0.54
u4894969359775887267,0,1771,2614,1685,5.16,21,2,-0.46,0.23,0.15,0.0
u8443813363141503185,0,2239,1879,1883,3.23,23,0,0.63,0.62,0.25,0.52
u1648241190707352341,1,1593,22651,5536,134.7,10,9,-0.23,1.36,0.4,0.67
u5032957924709301174,1,122,12485,8262,64.3,40,6,-1.59,0.72,0.94,0.42
u2010679028481449703,1,1198,10587,2595,50.34,14,1,-0.17,0.87,0.82,0.77
u1655860779528049900,1,1113,236,177,28.42,54,5,-0.26,0.41,0.95,0.37
u7203074341870224239,1,650,21395,6411,106.03,5,3,0.3,1.3,0.82,0.36
u5033661619432701429,0,1658,5533,2055,6.64,19,1,0.38,0.6,0.14,0.6
u4171248020925987371,1,1994,31222,1659,0.0,11,5,1.4,0.36,0.52,0.37
u7271993633075549634,0,3120,5030,83,6.03,27,0,0.83,0.49,0.36,0.88
u8266703151475579336,1,1556,87,0,203.18,38,2,-1.49,0.94,0.54,0.12
u2059195005562002215,1,1413,0,4691,175.94,33,0,2.13,1.15,0.67,0.65
u8349926194824603148,0,2080,4932,1350,2.51,19,0,0.86,0.46,0.28,0.57
u7558396678408560086,0,1376,1648,0,7.11,27,0,0.08,0.36,0.08,0.5
u7751790572997280529,1,525,144,2325,125.7,0,7,-0.11,0.79,0.9,0.54
u8768561838318851278,0,602,5311,38,0.0,35,2,0.43,0.75,0.47,0.63
u3982542683783901194,0,1667,149,191,5.94,25,0,0.36,0.77,0.49,0.59
u9592982926152444378,0,1824,2515,168,7.32,20,0,0.76,0.79,0.69,0.37
u9200042930127665628,0,1374,375,0,0.88,9,0,-0.36,0.56,0.31,0.38
u7737179484387697569,0,1856,2110,2461,3.96,12,1,0.14,0.22,0.27,0.47
u1902527431591467869,1,2142,185,4393,100.01,66,1,0.52,0.06,0.51,0.5
u7449331949766215836,1,134,6270,6691,135.97,34,5,0.14,1.07,0.7,0.6
u1965813805865808977,0,1248,2635,243,4.18,15,1,0.04,0.22,0.16,0.9
u5109000437745582148,0,2326,1975,0,5.73,13,1,1.35,0.83,0.25,0.76
u3992381412974669106,0,1847,3374,1709,5.09,9,2,0.25,0.63,0.31,0.28
u1746415962694870201,1,801,229,1977,119.01,51,8,-0.28,0.85,0.53,0.59
u6757712417235842337,1,873,18,3982,0.0,41,5,0.15,0.72,0.84,0.44
u6761308627987132509,0,2843,3823,1509,6.61,22,0,-0.62,0.6,0.68,0.23
u4885267742877782083,0,2329,3315,0,6.48,17,1,0.61,0.07,0.24,0.71
u4753671683949330311,0,681,4089,900,11.76,20,0,2.3,0.34,0.19,0.51
u4716358357291232558,1,1586,3394,4843,75.02,54,3,0.44,0.78,0.76,0.6
u4287816318410573525,1,1548,10374,4906,86.82,51,2,-0.31,1.09,0.99,0.24
u7773701604298298883,1,1695,2354,5225,169.51,15,6,1.18,1.25,0.92,0.6
u9668883622043211104,0,1868,4228,1294,0.0,9,3,0.09,0.53,0.32,0.66
u5543211608016782767,1,0,24431,3980,0.0,11,6,0.69,1.04,0.67,0.11
u3127741007002994774,0,3026,2407,1988,5.65,11,3,0.32,0.91,0.16,0.51
u8690822453847049733,1,1145,0,8555,212.09,29,2,0.61,1.32,0.53,0.51
u2258579555221221025,1,685,13594,1890,157.84,9,5,0.87,1.61,0.89,0.48
u8361322769443379848,0,1879,1720,0,1.22,18,1,-0.04,0.57,0.47,0.21
u7141033731392927654,0,1351,6507,1135,6.08,19,2,-0.14,1.0,0.39,0.3
u6613851254876532808,0,2583,2380,0,4.71,23,0,0.32,0.51,0.32,1.05
u1960248493810039449,0,3464,3958,968,5.96,32,2,-0.48,0.53,0.59,0.36
u2459306493163768397,0,4141,2231,1788,4.77,16,0,-0.04,0.41,0.58,0.73
u4917922366732636611,0,2254,1859,0,8.9,18,2,-0.2,0.29,0.42,0.72
u1472467131473235258,0,1995,1512,2015,1.16,14,2,1.08,0.92,0.35,0.36
u4549016119812241327,1,1061,22477,3001,221.61,8,3,-0.76,1.17,0.88,0.22
u4406249242713671581,0,2468,507,478,6.27,22,1,0.26,0.69,0.23,1.15
u3736870462588860935,0,2392,3464,1772,7.74,22,2,-0.26,0.03,0.38,0.6
u9205636319383929027,1,438,17377,8148,135.73,3,6,-0.64,0.36,0.82,0.25
u7127679932817187443,0,1881,1705,2007,0.43,9,0,0.36,0.69,0.16,0.0
u5924090343962314189,0,1909,3470,0,7.91,8,0,0.51,0.68,0.33,0.81
u8838937595114674477,0,2532,1964,1520,2.59,23,1,0.41,0.57,0.59,0.78
u1396408501285009428,1,903,0,10232,200.15,31,1,-0.36,1.34,0.57,0.36
u8290725214435500357,1,750,0,1660,208.43,23,4,-0.55,0.59,0.8,0.31
u3492375421039960880,1,0,21247,3903,222.41,12,0,0.55,1.32,0.56,0.37
u6703464010771625619,0,1399,1755,1466,5.51,9,1,0.22,0.82,0.02,0.74
u8526222937121269392,0,1651,3459,1994,9.25,1,2,0.34,1.08,0.19,0.63
u5548977981532875364,0,1701,1364,1032,2.21,23,1,0.54,0.88,0.13,0.93
u1031889643221932958,0,2116,4486,1213,9.27,22,2,-0.2,0.55,0.28,0.28
u8801257768436271986,0,1195,4837,2352,3.65,8,0,1.23,0.26,0.29,0.83
u7021386183729065363,0,2648,2933,1920,7.47,39,2,-0.13,0.6,0.23,1.17
u8704282416883679432,0,2886,3904,2386,2.5,21,0,0.37,0.16,0.51,0.64
u5507129957139724581,0,1907,2518,2702,8.95,23,0,-0.36,0.0,0.11,0.78
u4130833056356513378,0,1837,3199,1921,0.87,20,0,0.8,0.4,0.26,0.8
u8580240855970287047,1,1519,185,7513,137.38,48,3,-1.14,1.28,0.42,0.59
u3738451080262971409,1,1167,171,5009,105.0,41,0,-0.59,0.44,0.79,0.6
u4427064946861158410,1,408,14985,777,44.46,0,3,1.36,1.67,0.82,0.6
u4705404196645841847,0,1380,3911,714,2.3,9,3,0.18,1.11,0.52,0.08
u7196595004683814451,0,2312,0,0,4.27,8,1,0.01,0.89,0.23,0.64
u9951128258202239839,0,2446,2739,919,7.08,27,5,0.4,0.53,0.29,0.91
u7327422803270631020,0,1637,0,1473,4.88,18,0,0.79,0.1,0.16,0.55
u7825905992742567611,0,3137,2921,62,1.18,17,0,0.95,0.23,0.34,0.32
u4586721365110025544,1,841,0,5052,24.24,37,3,-0.23,0.97,0.79,0.49
u9032278624023382380,0,1815,0,747,3.43,2,3,1.03,0.43,0.37,0.52
u4008533439947855134,0,1663,592,2295,5.86,37,0,0.73,0.0,0.48,0.57
u7122341544545959429,1,0,17845,1750,201.58,33,2,0.21,0.86,0.62,0.19
u7098493645226353790,0,2003,1591,642,3.43,25,0,0.7,1.0,0.48,1.02
u4822862283196201776,0,1771,2863,1208,0.0,15,1,0.26,0.72,0.21,0.67
u9843525189916685547,0,2754,0,310,13.87,16,3,-0.39,0.47,0.32,0.69
u1801352156112229876,1,0,17026,2266,0.0,5,0,-0.45,1.08,0.83,0.41
u9392428978940169031,0,1844,2843,800,6.05,14,3,0.43,0.67,0.31,0.64
u7918482616885529915,0,2875,1387,1434,0.48,22,5,0.12,0.43,0.47,0.52
u5847818147462550995,0,1759,6134,422,1.85,10,2,0.82,0.53,0.43,0.71
u4649306169720340634,1,312,455,0,0.0,33,8,0.08,0.38,0.57,0.08
u2352386412282269029,1,934,17881,4424,43.72,5,0,0.71,1.0,0.82,0.09
u6066868384456453896,1,419,22006,3243,76.32,3,3,-0.96,1.17,0.68,0.37
u8370551158359807805,1,375,73,7562,149.25,3,1,-0.55,0.83,0.56,0.25
u4121270574491791566,1,261,0,1218,0.0,50,6,-0.19,1.71,0.81,0.18
u5225484151083567612,0,3087,714,1374,2.16,0,1,-0.29,0.8,0.32,0.83
u7150617921936539045,1,769,175,6801,65.27,0,7,-0.68,1.27,0.92,0.68
u7556116344171557828,1,1144,0,5631,16.71,37,5,-1.18,0.6,0.89,0.35
u8739620016086237115,0,3411,2601,1283,7.81,18,1,1.27,0.82,0.54,0.8
u4011662382634323137,1,300,0,4037,73.94,13,4,0.16,0.76,0.63,0.42
u5403443814380840584,1,1249,139,4982,179.92,0,0,0.06,1.25,0.95,0.64
u7709342620393901703,0,1805,2244,1045,4.13,15,0,0.2,0.62,0.56,0.53
u7007688755126045236,1,1290,0,3489,199.02,4,6,2.41,0.76,0.77,0.34
u8459748971967212407,1,1256,34280,4860,145.28,23,1,0.44,0.43,0.75,0.29
u2511965353711173165,0,1353,4554,1642,4.07,26,0,-0.47,0.51,0.34,0.22
u2421738019434723739,0,2503,3377,1723,8.04,37,1,0.24,0.25,0.05,0.52
u1200611029352977061,0,1709,0,1509,7.4,19,0,0.57,0.34,0.67,0.16
u2083205618913692335,0,2323,3618,0,3.42,21,1,0.3,0.23,0.32,0.32
u4994520131881715654,0,2287,1025,765,2.82,17,0,0.89,0.71,0.18,0.46
u4238798906565218902,1,367,0,3987,101.84,51,2,-3.08,0.51,0.69,0.14
u8229728385617140686,0,2525,1858,1532,10.97,12,0,0.03,0.44,0.5,0.95
u1530045486164036710,0,1394,2785,660,9.66,21,2,0.53,0.42,0.32,0.61
u5929487366891552303,1,2126,34465,6875,122.57,14,9,0.01,1.19,0.74,0.52
u3997375932780289930,0,2527,3682,1049,11.59,12,2,0.73,0.63,0.53,0.7
u7595155659929256914,1,825,11327,9706,37.29,40,6,0.49,1.04,0.57,0.25
u8338727827128852287,0,1584,577,2360,7.14,17,3,0.31,0.36,0.06,0.24
u3242121839853503731,0,715,2290,1732,3.69,20,2,1.19,0.33,0.45,1.02
u8928530923179449619,0,2174,7255,0,0.0,37,0,0.76,0.21,0.25,0.35
u6267755101362601019,0,2107,1589,1241,2.36,16,2,0.09,0.13,0.21,0.44
u8802879554133713886,0,3005,5429,1544,0.0,29,2,0.38,0.99,0.2,0.83
u4057351802756251135,1,650,10,7772,125.82,31,4,1.01,1.33,0.42,0.3
u1312142371775813402,1,545,69,3526,119.46,2,9,0.39,0.57,0.65,0.26
u5310025413583663086,0,3202,2218,329,8.9,9,1,0.68,0.38,0.23,1.1
u9907852235600521626,1,1157,164,6186,0.0,55,5,-1.37,0.61,0.65,0.59
u9801250990484198229,1,603,2149,4592,127.34,12,2,-0.65,0.66,0.46,0.18
u3310882501082718329,0,2722,3476,1978,3.91,0,2,0.44,0.0,0.31,0.64
u4820029984916998484,1,746,7107,1198,62.63,5,8,1.26,1.39,0.78,0.67
u1429671394335615740,0,1526,3913,1104,4.16,23,3,0.29,0.55,0.31,0.87
u8019336206158886040,0,2110,2720,3054,4.79,23,3,-0.39,0.43,0.49,0.31
u1007963612931012216,1,646,131,4535,105.62,9,2,-0.94,0.19,0.85,0.16
u8034808329500340703,0,2654,5486,0,6.64,20,0,0.4,0.67,0.02,0.88
u5045923489969805837,0,1778,4238,1451,4.42,16,2,-0.13,0.32,0.17,0.77
u2169234106954529137,0,1151,3667,259,1.54,42,0,0.18,0.0,0.17,1.02
u9753119413185115901,0,1790,1620,1480,0.0,7,0,0.08,0.33,0.42,0.47
u8750597957535987543,1,922,14941,5395,136.42,11,3,0.79,0.51,0.58,0.56
u1548870561401438090,0,3200,1415,859,15.76,7,1,1.61,0.63,0.13,0.99
u2962834057200185542,1,523,195,2589,101.43,49,0,-1.22,1.19,0.79,0.47
u3640957300661842493,1,1056,19364,2023,0.0,51,4,0.39,1.18,0.61,0.6
u1793832058194893102,1,1467,213,2093,223.56,36,5,0.62,0.78,0.86,0.24
u4938813163962052975,1,307,0,4898,138.82,4,4,-0.43,1.14,0.63,0.49
u9593410638411113787,1,969,9899,4026,115.22,42,4,-0.59,1.13,0.88,0.6
u7373953366636663098,0,1863,3371,854,9.78,3,2,-0.85,0.55,0.02,0.21
u6226720492256226057,1,1985,142,5562,168.79,13,4,0.74,0.31,0.82,0.45
u4803425249785767052,1,641,0,1621,140.49,14,3,1.08,1.05,0.95,0.91
u6194798610603052245,0,2822,2050,904,0.0,17,4,-0.54,0.19,0.59,0.38
u2671091509396571534,1,158,69,1457,60.31,7,6,-1.81,1.42,0.52,0.23
u3819990989601080466,1,2358,23977,2191,97.58,36,1,0.16,1.28,0.42,0.28
u7443043381873448564,0,1572,2170,1104,4.69,12,1,-0.42,0.49,0.29,0.88
u2379895805517344540,1,2166,13297,4433,137.32,5,8,-1.16,0.22,0.61,0.48
u9609733250343315957,0,3182,3115,979,0.21,10,4,-0.7,0.14,0.09,1.09
u8635908650109236852,1,650,15992,5656,260.97,8,5,-0.55,1.1,0.71,0.26
u6483865307552804867,1,689,66,10231,121.99,23,13,0.6,0.91,0.64,0.37
u6212309179889398426,0,2208,3405,743,6.7,10,3,0.85,0.9,0.37,1.01
u9889521231000098998,0,2781,0,1023,8.99,16,0,-0.19,0.79,0.25,0.28
u2661750628715598483,1,1005,19299,3786,147.66,47,5,0.65,1.59,0.83,0.69
u1197032883040483963,0,3012,408,594,7.15,23,0,0.77,0.83,0.37,0.0
u5384323842326290643,0,1384,54,1734,7.46,18,0,0.14,0.53,0.16,0.59
u5001133470638241760,0,1973,1704,0,0.0,2,3,0.08,0.05,0.17,0.38
u1835421381318622939,0,1702,0,1366,0.46,17,1,0.13,0.81,0.34,0.49
u1924504048066908476,1,2116,7718,1848,165.49,37,0,0.79,0.33,0.77,0.52
u4603167405808329605,1,281,3697,6588,198.88,29,1,0.0,0.55,0.81,0.03
u9787996866047183343,1,2817,17422,5547,147.17,9,4,-0.12,0.76,0.72,0.54
u9094437567156461686,1,1032,181,0,56.86,21,2,0.05,1.41,0.74,0.53
u9319027243686634204,1,1314,41,2507,53.72,34,1,0.17,1.06,0.62,0.16
u7183791308056110746,0,1145,3170,2198,2.66,15,4,0.62,0.53,0.29,0.7
u4448765014251717100,1,583,0,6891,4.3,38,0,-0.81,0.94,0.87,0.48
u5540317341829435867,1,720,32813,730,25.34,10,4,-0.14,0.21,0.78,0.44
u8453195317257528660,0,2885,4798,463,1.01,3,0,0.03,1.03,0.44,0.57
u1730162668621646675,0,2461,1260,283,0.0,12,2,0.05,0.73,0.02,1.36
u8981443521346830660,1,1916,20364,3911,243.24,46,5,1.33,1.07,0.96,0.1
u1268834068526935051,0,971,0,782,12.34,3,2,0.09,0.44,0.1,0.63
u5953668952426373978,0,1998,2723,1806,8.39,22,2,0.79,0.3,0.08,0.52
u1730996300525646950,1,1546,20451,4176,84.14,38,2,-0.48,0.7,0.91,0.34
u6290726535403926864,0,2075,6415,1899,7.9,23,0,0.18,0.2,0.12,0.35
u7437549211591979300,0,1637,3258,1413,0.0,19,1,-0.44,0.15,0.12,1.14
u8543870359279833429,0,26,3820,851,0.0,25,0,0.23,0.32,0.16,1.19
u8366591611837797019,0,1956,4063,0,11.31,27,1,-0.33,0.23,0.33,0.74
u7520918456715196257,0,4348,2308,1138,2.0,19,3,-0.82,0.0,0.3,0.8
u7866986433776302519,1,1801,7902,1507,0.0,41,6,-2.46,0.85,0.63,0.11
u9498964676247933876,1,864,121,5184,202.08,44,4,-0.3,0.57,0.75,0.06
u9893249887307378089,1,743,0,4763,7.65,40,8,-0.65,0.88,0.41,0.77
u9618323642021452452,1,262,11846,4572,86.59,13,7,0.66,0.72,0.9,0.87
u3200136832640373996,0,1244,4101,573,2.33,21,0,1.69,0.27,0.35,0.57
u4580655085428177977,1,1160,274,6991,145.15,39,4,-0.26,1.26,0.93,0.45
u7752219618679650188,0,1712,136,1155,5.53,5,4,0.83,0.59,0.39,1.09
u1092538354799005239,0,2165,3497,2731,2.38,20,0,0.6,0.28,0.42,1.02
u3479379015597627491,0,263,0,2944,8.78,25,2,-0.31,0.29,0.5,0.0
u6893197781160674804,0,2075,1339,1054,7.45,22,1,-0.9,1.09,0.25,0.34
u1044027365384262247,1,1774,4910,4542,178.05,1,5,0.26,1.23,0.7,0.17
u2432790858392286896,1,0,9475,3607,136.25,10,2,1.34,0.0,0.68,0.53
u7373089964770450213,1,1635,32261,5021,0.0,7,7,0.21,0.91,0.75,0.09
u5505028149513407726,1,0,0,3329,195.27,9,4,1.17,1.36,0.51,0.39
u2036901534893123962,0,0,1862,2313,5.45,22,0,0.36,0.64,0.43,0.59
u4957655944846351118,0,1455,4528,2150,3.11,14,3,-0.51,0.0,0.12,0.29
u8754808182608508680,0,3071,936,1848,4.89,21,2,0.7,0.89,0.12,0.12
u7019134887800452848,0,2809,725,1104,0.0,23,0,0.38,1.02,0.19,0.53
u3259404934721612675,0,1837,6845,1958,0.0,4,3,0.7,0.38,0.33,0.66
u6555148155217286943,1,1671,19286,5362,204.09,25,2,-1.73,1.66,0.8,0.58
u8136319918175346715,1,1268,234,2007,150.69,32,9,-0.15,0.72,0.52,0.58
u8426412167704358679,1,0,314,2855,79.33,10,2,-2.08,0.26,0.59,0.48
u3843929554870919549,1,1396,0,2214,104.02,29,6,-0.42,0.83,0.65,0.12
u9870560642784619367,0,1486,3512,0,6.09,5,2,0.25,0.7,0.59,0.53
u6443740178890105795,0,1814,4214,517,12.63,15,0,0.03,0.86,0.23,0.68
u8035246396480201497,0,1727,247,781,12.78,13,2,0.47,0.54,0.53,0.64
u7836254803411653421,1,0,164,4041,11.67,3,0,1.4,1.2,0.94,0.36
u5644311273081554498,1,639,16430,2912,119.31,23,7,0.62,0.89,0.64,0.51
u9671672225286208909,0,1601,1725,1307,6.06,17,1,-0.87,0.34,0.26,0.89
u6288981943394190516,0,1867,3800,1399,6.33,17,1,-0.11,0.48,0.03,0.55
u5245380679544332535,0,2784,0,735,4.95,11,0,1.04,0.72,0.59,0.61
u5230748767077690744,1,1087,0,1271,147.52,0,6,-0.39,0.88,0.46,0.74
u4735725988418600618,1,670,13932,3293,119.29,4,5,-0.81,0.97,0.9,0.47
u5974660781730516391,0,2491,3025,289,1.63,20,2,-0.16,0.63,0.38,0.82
u6898668088489845611,0,1913,3601,1680,5.83,23,0,-0.52,0.48,0.46,0.45
u1045790551454120466,0,2110,0,1322,7.13,17,0,0.26,0.96,0.43,0.8
u1398785032071781858,1,674,4324,6555,122.64,43,5,-1.6,1.08,0.52,0.46
u3671429892319235948,0,474,1464,0,8.56,6,5,0.19,0.29,0.21,0.61
u1536422501732976861,0,1515,153,842,6.38,22,0,-1.02,1.12,0.13,0.31
u6018047808923158292,1,1802,4486,6348,115.68,45,6,2.48,1.22,0.52,0.04
u8968615616438986234,1,976,232,3035,66.52,40,2,-0.09,0.86,0.91,0.19
u7264832181097057646,0,1128,415,1728,0.9,19,0,-0.13,0.01,0.31,0.59
u3739404253257741357,1,0,473,4294,138.41,44,4,-0.11,1.43,0.47,0.16
u8546793757476010449,1,645,244,7399,22.73,7,7,-0.09,0.25,0.95,0.25
u6582607775085699476,1,746,142,6477,85.61,14,3,-0.97,0.4,0.33,0.4
u6986497807286711557,1,0,7371,270,170.34,1,1,-0.75,0.4,0.66,0.44
u9316619258155749013,1,501,153,3165,37.77,3,6,1.36,0.72,0.44,0.26
u1722777712473108474,1,446,11264,4718,164.31,36,12,-0.27,0.97,0.67,0.26
u2018148849913746681,1,681,26695,5231,177.37,12,0,0.5,1.04,0.83,0.1
u9421752875580690652,0,750,2833,354,6.0,23,6,0.66,0.67,0.48,0.63
u1660021687679440413,1,1132,0,933,119.8,9,2,0.23,0.86,0.9,0.29
u6430938714012555173,1,1725,18533,2013,226.96,39,8,0.72,0.73,0.99,0.71
u4287759736565822950,1,1160,369,569,22.11,3,6,-0.83,1.56,0.95,0.57
u9049848786876345362,0,2974,2087,153,0.73,14,3,-0.66,0.82,0.1,0.74
u1183607674248040353,1,318,276,4827,27.8,39,4,2.04,0.69,0.87,0.31
u5434841703979031806,0,1638,0,970,0.0,21,2,-0.33,0.35,0.52,0.73
u8273212135778831576,0,1009,3559,492,9.29,20,4,0.37,0.82,0.02,0.44
u9545449624179738894,1,0,11667,9040,69.31,5,2,-1.15,0.92,0.64,0.16
u5520103583504744608,1,2517,54,5096,37.94,8,5,0.06,0.6,0.88,0.32
u2256248264960133701,0,1523,885,0,6.04,14,0,1.39,0.0,0.57,0.69
u4424674397735949496,1,1249,18630,6038,144.15,32,7,-0.2,0.95,0.88,0.25
u7936087282473648380,0,1417,0,1229,7.74,22,0,0.36,0.47,0.2,0.68
u2550861117295392844,1,1431,171,4042,45.07,35,7,-1.56,1.05,0.56,0.28
u2439568616369130599,0,1778,5651,722,5.72,44,0,0.52,0.54,0.21,0.86
u1757672958634484104,1,199,81,4694,17.22,27,3,-0.08,1.11,0.8,0.39
u5080018446293289709,0,2303,2341,1215,0.0,9,3,-1.28,0.34,0.18,0.68
u1649665291375817283,0,884,3209,919,5.39,36,0,-0.26,0.57,0.2,0.44
u6604628388799733589,0,1896,3597,0,13.46,16,2,1.71,0.43,0.15,0.42
u9070605053281302011,1,640,89,8331,208.73,6,4,-0.72,1.02,0.81,0.53
u4002319522495577449,0,1342,5799,60,0.0,28,1,0.9,0.15,0.08,0.9
u1135886421515303680,0,2437,4967,260,8.54,37,1,0.54,0.64,0.4,0.84
u3435872450917286674,0,0,2949,1851,13.35,15,3,0.14,0.66,0.22,0.8
u6228152350947431302,0,1937,3002,1456,0.0,24,1,-0.16,0.69,0.45,0.9
u4874827773402354606,1,1235,24094,4895,54.43,36,0,-0.12,1.42,0.73,0.12
u7030599730816095171,0,2096,7850,850,5.54,24,0,-0.92,0.58,0.37,0.46
u4863815626020849188,1,335,19289,1583,116.11,11,4,0.76,0.66,0.85,0.19
u3301839423852320551,0,1576,539,1157,7.88,6,0,-0.04,0.9,0.17,0.29
u8099264355142992572,1,8,170,0,27.24,40,2,2.14,1.14,0.95,0.69
u8510796617652029397,0,4062,1311,1631,1.73,25,1,0.82,0.39,0.4,0.52
u4883170783235318810,0,589,1597,2653,8.96,0,0,-0.8,0.48,0.46,1.03
u8898473510496603069,1,1379,100,2813,128.79,5,2,-0.1,1.68,0.73,0.24
u5961836425111161896,1,0,21037,2034,121.11,11,6,0.33,0.91,0.55,0.67
u1490830660730133752,1,896,0,6482,115.27,2,0,0.82,1.89,0.72,0.42
u7213457143814064864,1,0,4621,4930,158.77,8,8,0.27,1.58,0.71,0.3
u2815595281153012791,1,102,9,2823,49.23,8,5,0.12,0.87,0.88,0.54
u5591195825863782820,1,1877,15356,3127,232.23,16,8,-0.01,0.83,0.64,0.25
u7325262415804465898,0,1836,2276,1567,1.37,23,0,-0.34,0.49,0.34,0.4
u6272663535755012755,0,1872,4021,1077,8.95,20,0,-0.85,0.64,0.45,0.68
u6405879719370021702,0,2667,4023,725,5.61,11,2,-0.06,0.36,0.22,0.56
u3652183236070000476,1,592,0,6491,313.4,59,5,0.04,0.28,0.61,0.31
u2256278682394964924,0,714,1223,504,7.04,14,1,0.28,0.45,0.1,0.27
